,time,open,high,low,close,volume
0,2018-01-02,14.07,14.9,13.91,14.9,2903770
1,2018-01-03,14.9,14.93,14.62,14.79,2458110
2,2018-01-04,14.79,15.28,14.65,15.2,4424190
3,2018-01-05,15.17,15.2,14.87,15.12,1908830
4,2018-01-08,15.28,15.56,15.12,15.37,2053870
5,2018-01-09,15.37,15.42,14.35,15.12,4214750
6,2018-01-10,15.12,15.59,15.06,15.15,2817750
7,2018-01-11,15.17,15.31,14.98,15.23,1566970
8,2018-01-12,15.01,15.2,14.95,15.04,2484840
9,2018-01-15,14.93,15.28,14.76,15.06,1787190
10,2018-01-16,15.09,15.39,15.04,15.28,2368450
11,2018-01-17,15.28,15.51,14.9,14.9,2847680
12,2018-01-18,14.68,14.95,14.51,14.95,1833010
13,2018-01-19,15.01,15.06,14.68,14.84,3553540
14,2018-01-22,14.84,15.78,14.82,15.7,5040120
15,2018-01-23,15.7,15.7,15.7,15.7,0
16,2018-01-24,15.7,15.7,15.7,15.7,0
17,2018-01-25,16.06,16.77,15.89,16.77,7986250
18,2018-01-26,17.93,17.93,17.38,17.93,5677170
19,2018-01-29,18.21,19.17,18.21,19.09,4395390
20,2018-01-30,18.13,19.86,18.13,19.86,3283230
21,2018-01-31,20.53,20.55,18.87,18.87,1755870
22,2018-02-01,19.04,19.06,18.15,18.6,1894280
23,2018-02-02,18.37,18.93,18.26,18.6,1771520
24,2018-02-05,18.32,18.43,17.3,17.3,2790640
25,2018-02-06,16.11,17.0,16.11,16.11,3316700
26,2018-02-07,17.22,17.22,16.55,17.22,2058050
27,2018-02-08,17.22,18.1,17.22,17.77,2043470
28,2018-02-09,16.55,18.21,16.53,17.82,1800170
29,2018-02-12,18.21,19.06,17.93,19.06,2363270
30,2018-02-13,20.09,20.14,19.31,19.53,2458380
31,2018-02-21,19.86,20.89,19.64,20.64,2137010
32,2018-02-22,20.42,21.3,20.28,20.31,2856780
33,2018-02-23,20.42,20.69,19.81,20.47,3624350
34,2018-02-26,20.91,21.38,20.64,21.02,3516600
35,2018-02-27,21.02,21.41,20.75,21.05,2216610
36,2018-02-28,20.91,21.8,20.77,21.52,4521850
37,2018-03-01,21.3,21.85,20.69,20.86,2634150
38,2018-03-02,20.42,20.97,20.36,20.86,2378830
39,2018-03-05,21.11,21.19,19.42,19.42,2589100
40,2018-03-06,19.86,20.77,19.56,20.77,2525060
41,2018-03-07,20.97,21.02,20.36,20.69,2053190
42,2018-03-08,20.69,20.97,20.42,20.53,1132070
43,2018-03-09,20.69,20.97,20.42,20.55,2263330
44,2018-03-12,21.35,21.52,20.97,21.3,2014660
45,2018-03-13,21.3,21.63,20.97,21.63,1980080
46,2018-03-14,21.96,21.96,21.46,21.52,1996080
47,2018-03-15,21.52,23.01,21.35,23.01,3528060
48,2018-03-16,23.34,24.0,23.06,23.62,2628200
49,2018-03-19,23.73,23.78,22.73,23.01,2366180
50,2018-03-20,22.73,23.78,22.62,23.45,1866550
51,2018-03-21,24.0,24.17,23.51,24.0,1606790
52,2018-03-22,24.0,24.55,23.86,24.44,2525390
53,2018-03-23,24.0,24.06,22.84,23.37,3661530
54,2018-03-26,23.18,24.78,23.18,24.78,1932890
55,2018-03-27,25.38,25.71,24.33,24.33,2941390
56,2018-03-28,24.28,24.69,23.95,24.58,1672540
57,2018-03-29,24.58,24.66,24.17,24.28,896470
58,2018-03-30,24.17,24.25,23.53,23.95,2211040
59,2018-04-02,24.17,24.83,23.7,24.83,2610170
60,2018-04-03,25.0,25.27,24.66,24.89,1340170
61,2018-04-04,24.89,25.08,24.72,24.72,1511210
62,2018-04-05,24.72,24.72,24.14,24.28,1744010
63,2018-04-06,24.39,24.66,24.17,24.28,1469830
64,2018-04-09,24.44,24.83,23.95,24.5,2724810
65,2018-04-10,24.78,25.6,24.72,25.11,4181500
66,2018-04-11,25.82,25.82,24.28,24.55,2384910
67,2018-04-12,24.44,24.83,24.06,24.5,1816480
68,2018-04-13,24.55,24.72,23.01,23.18,3369270
69,2018-04-16,22.62,23.18,22.07,22.07,2207540
70,2018-04-17,22.07,23.12,21.91,23.12,2516280
71,2018-04-18,23.56,23.56,22.18,22.18,1196420
72,2018-04-19,22.18,22.29,20.86,20.97,2755020
73,2018-04-20,21.24,21.82,20.42,21.77,2415490
74,2018-04-23,21.96,22.43,20.25,20.25,3210890
75,2018-04-24,20.42,21.24,19.81,20.97,2503080
76,2018-04-26,20.86,21.24,19.59,20.14,2207270
77,2018-04-27,20.09,21.02,19.86,19.92,2026830
78,2018-05-02,20.25,20.36,18.54,18.54,1868640
79,2018-05-03,17.77,19.26,17.24,18.6,4169480
80,2018-05-04,18.82,19.04,17.93,17.93,1599340
81,2018-05-07,18.18,19.17,17.49,19.17,3558490
82,2018-05-08,19.17,20.39,18.98,19.59,3013460
83,2018-05-09,19.31,20.0,19.04,19.31,1843140
84,2018-05-10,18.98,19.64,17.96,18.04,2834040
85,2018-05-11,18.04,18.87,17.38,18.76,2116330
86,2018-05-14,19.09,19.15,18.6,18.93,918220
87,2018-05-15,18.93,19.31,18.76,19.09,2221560
88,2018-05-16,18.82,18.93,18.29,18.32,1856760
89,2018-05-17,18.32,18.48,18.04,18.21,1502680
90,2018-05-18,18.21,18.43,17.11,18.18,2937450
91,2018-05-21,18.18,18.18,17.38,17.38,2405890
92,2018-05-22,17.11,17.33,16.17,16.17,3119620
93,2018-05-23,15.89,16.83,15.86,16.8,1819230
94,2018-05-24,16.83,16.97,16.25,16.36,1089040
95,2018-05-25,16.47,16.61,15.28,15.28,2161610
96,2018-05-28,14.95,15.01,14.24,14.24,3902270
97,2018-05-29,14.62,15.23,14.24,15.23,2874020
98,2018-05-30,15.45,15.73,15.09,15.23,2144210
99,2018-05-31,15.06,16.22,15.06,16.14,3412580
100,2018-06-01,16.0,16.94,15.89,16.39,3634920
101,2018-06-04,16.0,16.88,15.67,16.83,4878280
102,2018-06-05,16.72,17.22,16.33,16.77,3066250
103,2018-06-06,16.8,17.55,16.44,17.55,2532640
104,2018-06-07,17.55,17.77,17.22,17.22,3704890
105,2018-06-08,17.22,17.49,17.0,17.38,2683390
106,2018-06-11,17.16,17.63,17.11,17.11,2320290
107,2018-06-12,16.72,16.83,15.92,16.33,4314510
108,2018-06-13,16.33,16.55,16.08,16.36,1672030
109,2018-06-14,16.39,16.5,15.62,15.62,3869180
110,2018-06-15,15.45,16.0,15.34,16.0,2262000
111,2018-06-18,16.0,16.03,15.01,15.06,2873220
112,2018-06-19,14.79,14.9,14.02,14.79,5460120
113,2018-06-20,14.95,15.45,14.71,15.45,2364060
114,2018-06-21,15.23,15.45,14.68,14.79,2073850
115,2018-06-22,14.37,15.26,14.37,15.17,2281830
116,2018-06-25,15.48,15.81,15.39,15.56,1937980
117,2018-06-26,15.17,15.51,15.06,15.34,1283390
118,2018-06-27,15.34,15.56,14.79,14.79,1931320
119,2018-06-28,14.57,14.79,14.24,14.29,3833920
120,2018-06-29,14.35,14.73,14.18,14.35,2112720
121,2018-07-02,14.07,14.35,13.44,13.66,3542250
122,2018-07-03,13.68,13.88,12.72,12.72,4944960
123,2018-07-04,12.72,12.77,12.11,12.64,4641640
124,2018-07-05,12.44,12.72,11.75,11.92,3044050
125,2018-07-06,11.81,12.75,11.5,12.75,5061910
126,2018-07-09,13.02,13.46,12.83,12.86,5423120
127,2018-07-10,13.08,13.44,12.91,13.05,3612750
128,2018-07-11,12.58,12.69,12.14,12.19,5441810
129,2018-07-12,12.36,13.02,12.17,12.69,2508790
130,2018-07-13,12.97,13.24,12.86,12.97,3138160
131,2018-07-16,13.24,13.46,13.08,13.33,2912010
132,2018-07-17,13.02,13.88,13.02,13.74,3991770
133,2018-07-18,13.79,14.46,13.74,14.43,4012340
134,2018-07-19,14.35,14.46,14.07,14.24,3344910
135,2018-07-20,14.02,14.29,13.68,14.02,4279270
136,2018-07-23,14.02,14.46,13.68,13.68,3124370
137,2018-07-24,13.63,14.07,13.24,13.68,2591310
138,2018-07-25,13.79,13.88,13.02,13.02,2773760
139,2018-07-26,13.02,13.3,12.83,13.3,2364560
140,2018-07-27,13.3,13.77,13.24,13.68,2031060
141,2018-07-30,13.91,14.51,13.79,14.51,3793610
142,2018-07-31,14.46,14.87,14.26,14.51,5307160
143,2018-08-01,14.51,14.79,14.35,14.51,3487790
144,2018-08-02,14.35,14.46,13.96,14.46,3523250
145,2018-08-03,14.68,14.73,14.51,14.65,2585620
146,2018-08-06,14.68,15.23,14.37,14.82,3262290
147,2018-08-07,14.51,15.28,14.51,15.15,3707270
148,2018-08-08,15.17,16.11,15.17,16.11,4507240
149,2018-08-09,16.28,16.44,15.89,15.92,3444030
150,2018-08-10,15.78,16.5,15.73,16.5,4423770
151,2018-08-13,16.39,17.02,16.33,16.83,3670180
152,2018-08-14,16.83,16.91,16.5,16.55,2187220
153,2018-08-15,16.83,16.94,15.78,16.17,4946070
154,2018-08-16,15.97,16.58,15.45,16.55,5017400
155,2018-08-17,16.88,17.49,16.61,17.16,4664800
156,2018-08-20,17.11,17.55,17.0,17.33,3573200
157,2018-08-21,17.11,18.21,17.11,18.21,4070460
158,2018-08-22,18.32,18.6,17.88,17.93,4346680
159,2018-08-23,18.04,18.48,17.77,18.24,3335590
160,2018-08-24,17.99,18.51,17.99,18.43,2775350
161,2018-08-27,18.6,18.82,18.46,18.76,2541980
162,2018-08-28,18.93,18.93,18.37,18.6,2582530
163,2018-08-29,18.6,18.82,18.51,18.57,2319810
164,2018-08-30,18.54,19.26,18.48,19.26,3286300
165,2018-08-31,19.2,19.31,18.93,18.98,2336200
166,2018-09-04,18.76,18.76,17.77,17.93,4088990
167,2018-09-05,17.77,18.4,17.74,18.26,3283340
168,2018-09-06,18.26,18.32,17.88,18.07,1923190
169,2018-09-07,17.93,18.84,17.93,18.71,3171020
170,2018-09-10,18.65,19.04,18.48,18.76,3078830
171,2018-09-11,18.76,19.53,18.71,19.48,4371130
172,2018-09-12,19.59,19.64,19.17,19.17,2528070
173,2018-09-13,19.42,19.59,19.04,19.31,2984670
174,2018-09-14,19.48,19.59,19.15,19.23,1656240
175,2018-09-17,19.15,19.37,18.87,18.87,2164200
176,2018-09-18,18.65,19.48,18.48,19.45,4127500
177,2018-09-19,19.59,19.84,19.42,19.48,2943070
178,2018-09-20,19.48,19.73,19.23,19.59,2304800
179,2018-09-21,19.7,19.73,19.12,19.48,4631020
180,2018-09-24,19.48,19.64,19.23,19.26,2423940
181,2018-09-25,19.17,19.64,19.09,19.31,1820120
182,2018-09-26,19.29,19.56,19.26,19.26,1956500
183,2018-09-27,19.31,19.34,19.12,19.12,2074090
184,2018-09-28,19.26,19.67,19.15,19.42,2822910
185,2018-10-01,19.42,19.59,19.09,19.17,1733190
186,2018-10-02,19.2,20.09,19.04,19.97,5199330
187,2018-10-03,20.03,20.28,19.97,20.22,2361360
188,2018-10-04,20.25,20.31,20.03,20.28,1879790
189,2018-10-05,20.09,20.2,19.59,19.59,2834960
190,2018-10-08,19.42,19.97,19.26,19.86,3268360
191,2018-10-09,19.92,20.14,19.75,19.92,1270140
192,2018-10-10,19.97,19.97,19.42,19.51,2080020
193,2018-10-11,18.26,18.93,18.15,18.15,6573500
194,2018-10-12,18.21,18.84,17.66,18.65,2660970
195,2018-10-15,18.76,18.76,17.99,17.99,1199560
196,2018-10-16,17.99,18.48,17.99,18.48,1574440
197,2018-10-17,18.76,19.2,18.73,19.09,2870340
198,2018-10-18,18.98,19.4,18.65,19.09,3352560
199,2018-10-19,18.76,19.17,18.65,19.09,2010830
200,2018-10-22,19.31,19.56,19.15,19.31,3643590
201,2018-10-23,19.2,19.42,18.48,19.26,3648830
202,2018-10-24,19.26,19.31,17.99,17.99,2230710
203,2018-10-25,16.75,17.66,16.75,17.22,4592300
204,2018-10-26,17.66,17.82,16.88,16.88,1877950
205,2018-10-29,16.83,17.0,15.89,15.95,2482950
206,2018-10-30,15.73,16.39,15.23,15.23,3140410
207,2018-10-31,15.73,16.28,15.56,16.28,1670350
208,2018-11-01,17.35,17.38,16.72,16.75,2974110
209,2018-11-02,17.11,17.91,17.0,17.91,3469490
210,2018-11-05,17.66,18.1,17.44,18.1,1732340
211,2018-11-06,18.21,18.29,17.57,17.66,1834970
212,2018-11-07,17.66,18.13,17.6,17.91,2117240
213,2018-11-08,18.48,18.48,17.88,17.91,1728670
214,2018-11-09,17.77,17.93,17.46,17.49,1790150
215,2018-11-12,17.16,17.91,17.16,17.77,1332890
216,2018-11-13,17.27,17.52,17.11,17.11,2054350
217,2018-11-14,17.11,17.38,16.55,16.55,1511410
218,2018-11-15,16.55,17.55,16.5,17.11,1574190
219,2018-11-16,17.38,17.91,17.38,17.77,2339880
220,2018-11-19,17.77,17.96,17.66,17.77,1520580
221,2018-11-20,17.35,17.66,17.35,17.49,1301980
222,2018-11-21,17.22,17.77,17.19,17.66,1747970
223,2018-11-22,17.77,17.91,17.55,17.57,1866110
224,2018-11-23,17.55,17.71,17.44,17.49,1340870
225,2018-11-26,17.33,17.63,17.33,17.46,790910
226,2018-11-27,17.6,17.66,17.11,17.35,1382030
227,2018-11-28,17.35,17.46,17.27,17.41,764130
228,2018-11-29,17.41,17.66,17.24,17.24,2480990
229,2018-11-30,16.88,17.55,16.88,17.33,2611400
230,2018-12-03,17.66,18.51,17.55,18.51,3464870
231,2018-12-04,18.51,18.82,18.32,18.43,2374250
232,2018-12-05,18.21,18.79,18.1,18.68,2574670
233,2018-12-06,18.6,18.68,18.32,18.6,1984110
234,2018-12-07,18.65,18.98,18.57,18.6,1220210
235,2018-12-10,18.6,18.82,18.35,18.6,1556580
236,2018-12-11,18.6,18.68,18.43,18.51,1148790
237,2018-12-12,18.6,19.12,18.43,19.12,2225990
238,2018-12-13,19.29,19.29,18.93,18.93,1610470
239,2018-12-14,18.87,19.2,18.65,18.71,1214630
240,2018-12-17,18.46,18.79,18.32,18.32,2272850
241,2018-12-18,18.04,18.57,17.93,18.57,2348370
242,2018-12-19,18.57,18.73,18.37,18.37,1314340
243,2018-12-20,18.48,18.9,18.43,18.73,1635620
244,2018-12-21,18.65,18.79,18.43,18.76,706310
245,2018-12-24,18.76,19.17,18.65,18.76,1857900
246,2018-12-25,18.32,18.62,17.49,18.07,1827680
247,2018-12-26,18.07,18.46,17.96,17.99,1036860
248,2018-12-27,18.65,19.01,18.51,18.76,1643520
249,2018-12-28,18.65,18.98,18.57,18.98,2131820
250,2019-01-02,18.98,18.98,18.46,18.48,805700
251,2019-01-03,18.48,18.65,17.66,17.66,1107500
252,2019-01-04,17.38,17.63,17.0,17.41,1457300
253,2019-01-07,17.66,18.21,17.66,17.82,806060
254,2019-01-08,17.99,17.99,17.6,17.66,558540
255,2019-01-09,17.82,18.24,17.71,18.21,1075730
256,2019-01-10,18.21,18.26,17.93,17.93,410690
257,2019-01-11,17.93,18.1,17.57,17.6,941940
258,2019-01-14,17.6,17.85,17.35,17.6,755920
259,2019-01-15,17.52,18.1,17.52,17.93,580710
260,2019-01-16,18.04,18.07,17.77,17.77,363680
261,2019-01-17,17.77,17.88,17.6,17.63,297560
262,2019-01-18,17.63,17.82,17.46,17.49,509140
263,2019-01-21,17.66,18.4,17.49,18.13,1207560
264,2019-01-22,18.15,18.26,18.04,18.07,563940
265,2019-01-23,17.88,18.13,17.71,18.04,432860
266,2019-01-24,17.96,18.13,17.93,17.93,579540
267,2019-01-25,18.04,18.04,17.66,17.68,570980
268,2019-01-28,17.68,17.85,17.55,17.6,545190
269,2019-01-29,17.6,17.6,17.41,17.49,635890
270,2019-01-30,17.6,17.8,17.44,17.49,429410
271,2019-01-31,17.77,17.77,17.38,17.38,678130
272,2019-02-01,17.35,17.57,17.33,17.44,537050
273,2019-02-11,17.57,17.8,17.55,17.63,631710
274,2019-02-12,17.68,18.04,17.68,17.91,1395780
275,2019-02-13,17.96,17.99,17.8,17.93,1557810
276,2019-02-14,17.93,17.96,17.85,17.88,1018550
277,2019-02-15,17.85,18.65,17.71,18.29,1622530
278,2019-02-18,18.48,18.6,18.32,18.48,955540
279,2019-02-19,18.48,18.62,18.15,18.15,1143130
280,2019-02-20,18.1,19.26,18.02,18.76,2361110
281,2019-02-21,18.9,19.12,18.76,18.9,2157870
282,2019-02-22,18.87,19.15,18.76,18.76,1459730
283,2019-02-25,19.04,19.04,18.6,18.76,1687500
284,2019-02-26,18.6,18.76,18.48,18.54,1409740
285,2019-02-27,18.54,18.73,18.48,18.54,749060
286,2019-02-28,18.54,18.62,17.93,17.93,1793480
287,2019-03-01,17.99,18.26,17.99,18.13,1153130
288,2019-03-04,18.26,18.62,18.21,18.54,918340
289,2019-03-05,18.32,19.48,18.32,19.09,4215640
290,2019-03-06,19.09,19.26,18.98,19.17,1601660
291,2019-03-07,19.31,19.45,19.15,19.26,1702650
292,2019-03-08,19.01,19.15,18.71,18.76,1808960
293,2019-03-11,18.82,18.82,18.46,18.57,1137250
294,2019-03-12,18.82,19.59,18.65,19.59,1690500
295,2019-03-13,19.48,19.84,19.42,19.64,2860920
296,2019-03-14,19.64,20.25,19.42,19.97,2561500
297,2019-03-15,19.97,20.69,19.81,20.53,3180240
298,2019-03-18,20.53,20.75,20.36,20.58,2925810
299,2019-03-19,20.5,20.58,20.14,20.2,2819110
300,2019-03-20,19.95,20.14,19.59,19.92,2700620
301,2019-03-21,20.0,20.22,19.2,19.2,2239650
302,2019-03-22,19.53,19.7,19.2,19.37,1877120
303,2019-03-25,18.82,19.31,18.48,19.04,2092900
304,2019-03-26,19.26,19.37,18.87,18.93,1042090
305,2019-03-27,19.23,19.37,18.93,19.26,1236550
306,2019-03-28,19.01,19.78,19.01,19.64,2196570
307,2019-03-29,19.64,19.86,19.64,19.75,1654790
308,2019-04-01,19.75,20.03,19.48,19.59,909820
309,2019-04-02,19.86,19.86,19.2,19.2,1453530
310,2019-04-03,19.2,19.92,19.01,19.7,1895710
311,2019-04-04,19.86,19.86,19.4,19.48,1058540
312,2019-04-05,19.48,19.7,19.2,19.34,737650
313,2019-04-08,19.2,19.62,19.2,19.59,1042660
314,2019-04-09,19.59,19.97,19.59,19.73,2081540
315,2019-04-10,19.73,19.75,19.42,19.42,522520
316,2019-04-11,19.48,19.59,19.29,19.4,643960
317,2019-04-12,19.37,19.42,19.15,19.17,894410
318,2019-04-16,19.09,19.64,18.87,19.59,1404520
319,2019-04-17,19.59,19.59,19.2,19.2,852450
320,2019-04-18,19.2,19.53,19.12,19.2,1016060
321,2019-04-19,19.2,19.42,19.15,19.23,293870
322,2019-04-22,19.23,19.23,18.73,18.87,687460
323,2019-04-23,19.09,19.09,18.73,18.87,1005740
324,2019-04-24,19.04,19.2,18.93,19.09,538100
325,2019-04-25,19.09,19.31,19.04,19.04,464620
326,2019-04-26,19.04,19.26,19.04,19.2,484200
327,2019-05-02,19.31,19.31,19.04,19.04,483460
328,2019-05-03,19.04,19.2,18.87,18.87,555330
329,2019-05-06,18.57,18.71,18.21,18.26,1220260
330,2019-05-07,18.37,18.71,18.15,18.26,949150
331,2019-05-08,18.04,18.21,17.85,17.85,1127910
332,2019-05-09,18.02,18.1,17.11,17.16,1937960
333,2019-05-10,17.38,17.77,17.33,17.66,1098030
334,2019-05-13,17.66,18.1,17.66,18.04,778440
335,2019-05-14,17.91,17.99,17.66,17.88,1091640
336,2019-05-15,17.99,18.26,17.82,18.15,1460060
337,2019-05-16,18.18,18.21,17.91,17.99,776200
338,2019-05-17,18.04,18.04,17.66,17.74,938600
339,2019-05-20,17.71,18.15,17.71,18.04,960860
340,2019-05-21,18.04,18.35,17.99,18.24,1716340
341,2019-05-22,18.24,18.54,18.24,18.32,1262730
342,2019-05-23,18.21,18.43,17.99,18.43,795270
343,2019-05-24,18.26,18.35,17.93,17.93,1510920
344,2019-05-27,17.93,18.04,17.88,17.99,526030
345,2019-05-28,17.93,18.1,17.74,17.82,881610
346,2019-05-29,17.82,17.91,17.63,17.66,896960
347,2019-05-30,17.77,17.82,17.55,17.55,671830
348,2019-05-31,17.46,17.6,17.35,17.38,914150
349,2019-06-03,17.33,17.38,16.88,16.88,1299050
350,2019-06-04,16.88,17.66,16.86,17.66,867040
351,2019-06-05,17.66,17.77,17.33,17.33,482730
352,2019-06-06,17.33,17.49,17.05,17.27,329600
353,2019-06-07,17.27,17.49,17.27,17.49,459310
354,2019-06-10,17.55,17.71,17.49,17.49,471530
355,2019-06-11,17.55,17.66,17.44,17.6,584390
356,2019-06-12,17.49,17.6,17.35,17.38,351310
357,2019-06-13,17.33,17.52,17.33,17.38,289140
358,2019-06-14,17.49,17.8,17.38,17.74,1589620
359,2019-06-17,17.77,17.96,17.63,17.71,693710
360,2019-06-18,17.6,17.71,17.49,17.66,273680
361,2019-06-19,17.88,17.88,17.63,17.66,461820
362,2019-06-20,17.66,18.04,17.6,18.02,1142380
363,2019-06-21,18.04,18.18,17.91,17.93,501660
364,2019-06-24,18.02,18.21,17.88,17.99,750120
365,2019-06-25,17.99,18.04,17.71,17.71,734450
366,2019-06-26,17.66,17.96,17.6,17.93,1052510
367,2019-06-27,17.91,17.91,17.66,17.66,664820
368,2019-06-28,17.66,17.77,17.33,17.49,653190
369,2019-07-01,17.77,17.93,17.71,17.85,550440
370,2019-07-02,17.71,17.88,17.68,17.68,454740
371,2019-07-03,17.66,17.88,17.66,17.71,409880
372,2019-07-04,17.88,18.13,17.77,18.1,1147150
373,2019-07-05,18.02,18.32,17.99,18.1,1204780
374,2019-07-08,18.15,18.15,17.88,17.96,564180
375,2019-07-09,17.88,18.04,17.88,17.99,403680
376,2019-07-10,17.99,18.13,17.88,17.88,699090
377,2019-07-11,17.99,18.48,17.88,18.46,2461040
378,2019-07-12,18.48,18.65,18.37,18.43,1417000
379,2019-07-15,18.37,18.48,18.35,18.37,913470
380,2019-07-16,18.46,19.06,18.46,19.06,3287930
381,2019-07-17,19.04,19.26,18.9,19.06,1551860
382,2019-07-18,19.01,19.15,18.87,19.15,1442460
383,2019-07-19,19.31,19.53,19.15,19.26,1713010
384,2019-07-22,19.42,19.84,19.31,19.73,2863060
385,2019-07-23,19.73,19.73,19.15,19.45,2132860
386,2019-07-24,19.53,19.53,18.87,19.01,1886280
387,2019-07-25,18.93,19.42,18.93,19.42,1316210
388,2019-07-26,19.31,19.81,19.31,19.75,2184360
389,2019-07-29,19.7,19.75,19.48,19.75,1351320
390,2019-07-30,19.64,19.64,19.29,19.31,1623110
391,2019-07-31,19.31,19.59,19.15,19.59,933640
392,2019-08-01,19.59,19.59,19.34,19.56,744670
393,2019-08-02,19.31,19.86,19.26,19.75,1824090
394,2019-08-05,19.59,19.75,19.56,19.75,1969000
395,2019-08-06,19.04,19.67,19.04,19.42,1229640
396,2019-08-07,19.51,19.59,19.15,19.15,1081380
397,2019-08-08,19.15,19.4,19.12,19.15,908980
398,2019-08-09,19.31,19.31,18.87,19.15,997910
399,2019-08-12,19.23,19.53,18.79,19.51,1373320
400,2019-08-13,19.34,19.53,19.17,19.26,817060
401,2019-08-14,19.48,19.53,19.17,19.37,520650
402,2019-08-15,19.04,19.37,19.04,19.37,551130
403,2019-08-16,19.31,20.25,19.26,19.86,3237040
404,2019-08-19,20.14,20.42,20.03,20.25,1132960
405,2019-08-20,20.39,20.39,20.17,20.31,800200
406,2019-08-21,20.14,21.11,20.14,20.89,2691400
407,2019-08-22,20.97,21.02,20.69,20.75,1618940
408,2019-08-23,20.86,20.86,20.5,20.72,977030
409,2019-08-26,20.36,20.89,20.2,20.89,1806980
410,2019-08-27,21.13,21.19,20.69,20.69,1170790
411,2019-08-28,20.69,20.97,20.64,20.75,932680
412,2019-08-29,20.75,20.91,20.61,20.91,1330160
413,2019-08-30,21.08,21.41,20.94,21.38,2186980
414,2019-09-03,21.41,21.57,21.33,21.35,830420
415,2019-09-04,21.35,21.41,20.97,21.3,921560
416,2019-09-05,21.41,21.55,21.24,21.24,939140
417,2019-09-06,21.24,21.24,20.72,20.97,1528000
418,2019-09-09,20.97,21.02,20.83,21.02,801830
419,2019-09-10,20.94,21.3,20.86,21.13,1003930
420,2019-09-11,20.97,21.19,20.94,21.08,519270
421,2019-09-12,21.16,21.38,20.97,21.33,1763420
422,2019-09-13,21.44,21.99,21.3,21.99,2303060
423,2019-09-16,21.99,22.51,21.96,22.07,1250810
424,2019-09-17,21.91,22.62,21.74,22.62,1566850
425,2019-09-18,22.57,22.76,22.38,22.71,1630310
426,2019-09-19,22.73,22.76,22.49,22.51,1029490
427,2019-09-20,22.51,22.68,21.96,22.07,2204400
428,2019-09-23,21.91,22.35,21.85,21.88,1089550
429,2019-09-24,21.96,22.07,21.77,21.77,821180
430,2019-09-25,21.66,22.02,21.46,22.02,1445080
431,2019-09-26,22.02,22.46,22.02,22.15,888310
432,2019-09-27,22.24,22.29,22.1,22.21,876890
433,2019-09-30,22.18,22.43,21.74,21.74,1429150
434,2019-10-01,21.74,22.07,21.74,22.07,862420
435,2019-10-02,22.07,22.51,22.04,22.18,1505190
436,2019-10-03,21.96,22.76,21.93,22.76,1939160
437,2019-10-04,22.79,22.98,22.35,22.35,884430
438,2019-10-07,22.57,22.57,22.07,22.29,807180
439,2019-10-08,22.29,22.68,22.13,22.68,650420
440,2019-10-09,22.68,23.06,22.51,22.76,1415560
441,2019-10-10,22.76,23.01,22.62,22.62,1054690
442,2019-10-11,22.62,22.73,22.46,22.51,552640
443,2019-10-14,22.62,23.15,22.54,22.71,1381960
444,2019-10-15,22.62,22.93,22.62,22.84,631810
445,2019-10-16,22.84,22.98,22.71,22.71,650130
446,2019-10-17,22.82,22.82,22.51,22.51,801110
447,2019-10-18,22.51,22.51,22.07,22.13,1225560
448,2019-10-21,21.91,22.07,21.69,21.69,1281520
449,2019-10-22,21.69,22.07,21.69,22.07,566150
450,2019-10-23,22.07,22.24,21.99,22.13,455760
451,2019-10-24,22.13,22.35,21.93,22.24,513170
452,2019-10-25,22.07,22.38,21.96,22.18,968770
453,2019-10-28,22.68,22.73,22.4,22.4,800080
454,2019-10-29,22.57,22.57,22.07,22.4,921380
455,2019-10-30,22.35,22.51,22.15,22.18,760410
456,2019-10-31,22.18,22.46,22.1,22.4,777680
457,2019-11-01,22.35,22.68,22.24,22.62,1180640
458,2019-11-04,22.68,23.42,22.68,23.29,1744250
459,2019-11-05,23.34,23.45,23.26,23.45,898400
460,2019-11-06,23.37,23.56,23.29,23.29,821030
461,2019-11-07,23.57,23.86,23.29,23.74,1105060
462,2019-11-08,23.86,23.97,23.51,23.57,729880
463,2019-11-11,23.54,23.91,23.46,23.57,724450
464,2019-11-12,23.63,24.09,23.57,24.03,1499510
465,2019-11-13,24.09,24.48,24.09,24.48,1804440
466,2019-11-14,24.54,24.54,24.03,24.26,811080
467,2019-11-15,24.34,24.37,23.97,23.97,627650
468,2019-11-18,23.86,24.09,23.54,23.57,958470
469,2019-11-19,23.57,23.8,23.46,23.77,676040
470,2019-11-20,23.91,23.91,23.54,23.71,246520
471,2019-11-21,23.69,23.8,23.49,23.51,611690
472,2019-11-22,23.69,23.69,22.72,22.94,1041320
473,2019-11-25,22.94,23.17,22.54,22.66,822450
474,2019-11-26,23.0,23.14,22.72,22.83,406540
475,2019-11-27,22.89,23.63,22.89,23.29,1060810
476,2019-11-28,23.4,23.4,23.09,23.2,396280
477,2019-11-29,23.11,23.34,23.11,23.11,391620
478,2019-12-02,23.0,23.0,22.49,22.49,702050
479,2019-12-03,22.49,22.86,22.26,22.66,786830
480,2019-12-04,22.66,23.14,22.6,23.03,352310
481,2019-12-05,23.14,23.17,22.63,22.83,393640
482,2019-12-06,22.66,22.94,22.57,22.63,374930
483,2019-12-09,22.83,22.83,22.63,22.83,358570
484,2019-12-10,22.83,23.03,22.69,22.77,415660
485,2019-12-11,22.77,22.89,22.72,22.89,280130
486,2019-12-12,23.17,23.4,22.94,23.4,724090
487,2019-12-13,23.4,23.94,23.4,23.91,1426060
488,2019-12-16,24.09,24.11,23.69,23.91,841690
489,2019-12-17,23.86,23.91,23.57,23.66,580480
490,2019-12-18,23.46,24.28,23.46,23.97,1478200
491,2019-12-19,24.03,24.23,23.63,24.09,702550
492,2019-12-20,23.97,24.43,23.97,24.4,712940
493,2019-12-23,24.4,25.65,24.4,25.54,2442660
494,2019-12-24,25.43,25.77,25.28,25.63,741520
495,2019-12-25,25.17,25.83,25.17,25.8,585450
496,2019-12-26,25.71,25.88,25.23,25.23,525840
497,2019-12-27,25.23,26.37,25.11,26.37,1098010
498,2019-12-30,26.43,26.91,26.25,26.31,872650
499,2019-12-31,26.37,26.54,26.2,26.34,630410
500,2020-01-02,26.25,26.94,26.2,26.77,872620
501,2020-01-03,27.02,27.11,26.65,26.65,603940
502,2020-01-06,26.54,26.65,26.14,26.14,794490
503,2020-01-07,26.14,26.65,25.8,26.65,526890
504,2020-01-08,26.25,27.34,26.14,26.88,1230830
505,2020-01-09,27.25,28.48,27.17,28.34,1573190
506,2020-01-10,28.34,29.68,28.31,29.28,1506410
507,2020-01-13,28.54,29.39,28.25,28.59,544740
508,2020-01-14,28.59,29.39,28.48,28.59,752200
509,2020-01-15,28.48,29.28,28.48,29.11,695290
510,2020-01-16,29.11,30.88,29.11,30.82,1004080
511,2020-01-17,30.88,31.16,30.31,30.53,643490
512,2020-01-20,30.53,30.93,30.36,30.42,761650
513,2020-01-21,30.42,31.11,30.42,30.82,609600
514,2020-01-22,30.82,31.85,30.71,31.68,781390
515,2020-01-30,31.11,31.33,29.68,30.08,1388710
516,2020-01-31,29.85,30.59,29.39,29.39,1154570
517,2020-02-03,28.42,31.39,27.34,30.53,1562560
518,2020-02-04,31.05,31.22,30.59,31.05,1406270
519,2020-02-05,31.33,31.5,30.53,30.53,718710
520,2020-02-06,30.76,30.88,30.25,30.36,1469930
521,2020-02-07,30.08,30.42,29.45,29.51,1501140
522,2020-02-10,29.05,29.22,28.02,28.02,1111680
523,2020-02-11,28.02,29.34,28.02,28.99,917080
524,2020-02-12,29.39,29.56,28.94,28.99,704550
525,2020-02-13,28.94,29.11,28.48,28.77,578820
526,2020-02-14,28.59,28.88,28.54,28.54,627040
527,2020-02-17,28.65,29.39,28.59,29.39,863730
528,2020-02-18,29.62,30.02,29.39,29.68,879430
529,2020-02-19,29.68,29.74,29.22,29.28,372250
530,2020-02-20,29.62,29.68,29.22,29.28,552810
531,2020-02-21,29.28,29.28,27.82,28.25,2619020
532,2020-02-24,27.51,27.85,26.43,26.43,1081210
533,2020-02-25,25.68,27.85,25.68,27.85,878610
534,2020-02-26,27.17,27.57,26.74,26.82,626350
535,2020-02-27,26.82,27.22,26.51,26.88,722680
536,2020-02-28,26.25,26.48,25.71,25.97,972320
537,2020-03-02,26.2,26.2,25.68,25.77,568290
538,2020-03-03,26.71,27.25,26.08,26.77,1016900
539,2020-03-04,26.82,26.82,26.2,26.34,658350
540,2020-03-05,26.57,26.97,26.54,26.62,872610
541,2020-03-06,26.25,26.91,25.97,26.74,555990
542,2020-03-09,24.94,25.51,24.88,24.88,944020
543,2020-03-10,24.26,25.11,23.57,24.2,1366220
544,2020-03-11,24.83,24.83,22.52,22.52,1522030
545,2020-03-12,20.97,21.52,20.95,20.95,1531140
546,2020-03-13,19.49,20.95,19.49,19.98,2330290
547,2020-03-16,19.98,20.52,18.58,18.72,2191590
548,2020-03-17,17.46,19.35,17.46,19.29,1774340
549,2020-03-18,19.41,20.26,19.38,19.72,1743970
550,2020-03-19,19.38,19.52,18.69,19.06,906470
551,2020-03-20,19.18,19.43,18.78,18.89,771320
552,2020-03-23,17.69,18.21,17.58,17.58,2728710
553,2020-03-24,17.69,18.24,17.52,18.04,1227020
554,2020-03-25,19.06,19.09,18.72,18.95,1611980
555,2020-03-26,18.83,19.52,18.35,19.01,1148580
556,2020-03-27,18.95,19.26,18.49,18.83,1128210
557,2020-03-30,17.69,18.21,17.52,17.64,1369430
558,2020-03-31,18.26,18.35,16.84,17.61,1018770
559,2020-04-01,17.64,18.83,17.58,18.32,1190960
560,2020-04-03,18.61,19.58,18.61,19.58,1547020
561,2020-04-06,20.38,20.95,20.03,20.95,1881640
562,2020-04-07,21.4,21.52,20.55,21.12,1793050
563,2020-04-08,20.43,21.69,20.03,21.66,1456160
564,2020-04-09,21.66,22.03,21.49,21.52,1349000
565,2020-04-10,21.29,21.57,20.95,21.06,1198580
566,2020-04-13,20.95,21.52,20.89,21.2,1056950
567,2020-04-14,21.15,21.43,20.43,20.83,1220360
568,2020-04-15,20.95,21.52,20.95,21.29,1107070
569,2020-04-16,21.23,21.29,20.97,21.29,1210270
570,2020-04-17,21.6,21.8,21.23,21.35,1151710
571,2020-04-20,21.63,21.69,21.09,21.17,1371830
572,2020-04-21,20.55,21.0,19.8,19.8,2238980
573,2020-04-22,18.89,21.15,18.89,20.66,1413800
574,2020-04-23,21.12,21.23,20.6,20.66,789930
575,2020-04-24,20.8,20.8,20.15,20.55,592910
576,2020-04-27,20.66,20.77,20.03,20.03,1205680
577,2020-04-28,20.03,20.43,19.69,20.06,589490
578,2020-04-29,19.98,20.49,19.98,20.32,595490
579,2020-05-04,20.32,20.77,20.03,20.15,655630
580,2020-05-05,20.15,20.43,20.09,20.15,427650
581,2020-05-06,20.23,20.55,20.15,20.55,739320
582,2020-05-07,20.72,21.46,20.72,21.43,2524450
583,2020-05-08,21.66,22.43,21.43,21.69,2563570
584,2020-05-11,21.97,22.26,21.66,21.97,1209730
585,2020-05-12,21.86,22.06,21.66,22.0,1645960
586,2020-05-13,21.86,22.72,21.57,22.6,2725900
587,2020-05-14,22.26,23.11,22.26,22.66,1994890
588,2020-05-15,22.72,22.89,21.92,22.03,1909780
589,2020-05-18,21.94,22.2,21.69,22.2,1864370
590,2020-05-19,22.77,22.77,22.2,22.32,1686240
591,2020-05-20,22.26,22.43,21.97,22.34,900670
592,2020-05-21,22.54,22.92,22.52,22.66,2474770
593,2020-05-22,22.66,22.83,22.43,22.43,1140830
594,2020-05-25,22.43,22.72,22.26,22.63,888300
595,2020-05-26,22.69,23.97,22.69,23.97,2954120
596,2020-05-27,24.4,24.4,22.72,22.72,2293240
597,2020-05-28,22.83,23.37,22.72,23.23,1913890
598,2020-05-29,23.06,23.11,22.72,22.89,1669730
599,2020-06-01,23.0,23.71,22.97,23.66,1104330
600,2020-06-02,23.69,23.91,23.11,23.14,1496600
601,2020-06-03,23.34,23.51,23.11,23.4,896130
602,2020-06-04,23.51,24.14,23.46,23.86,2013380
603,2020-06-05,23.86,24.09,23.54,24.03,1216160
604,2020-06-08,24.37,25.11,24.26,25.11,2487930
605,2020-06-09,25.17,25.17,24.71,24.74,1119590
606,2020-06-10,24.6,25.17,24.26,24.83,1297400
607,2020-06-11,24.83,24.94,23.11,23.11,2386670
608,2020-06-12,22.54,24.26,22.54,24.26,1913590
609,2020-06-15,24.14,24.14,22.77,22.77,1503480
610,2020-06-16,23.69,23.74,23.11,23.23,958780
611,2020-06-17,23.23,23.46,22.74,23.0,817560
612,2020-06-18,23.0,23.17,22.83,23.11,629450
613,2020-06-19,23.51,23.66,23.23,23.66,720420
614,2020-06-22,23.57,23.89,23.29,23.57,622920
615,2020-06-23,23.43,23.6,23.11,23.23,1110100
616,2020-06-24,23.23,23.51,22.94,23.0,692090
617,2020-06-25,22.83,22.97,22.72,22.83,791820
618,2020-06-26,23.34,23.34,22.66,22.77,717380
619,2020-06-29,22.43,22.54,21.92,21.97,1334210
620,2020-06-30,22.26,22.29,21.57,21.63,862060
621,2020-07-01,21.8,22.49,21.63,22.37,769310
622,2020-07-02,22.52,22.52,22.09,22.26,501500
623,2020-07-03,22.4,22.43,22.14,22.32,547350
624,2020-07-06,22.49,22.94,22.32,22.89,757690
625,2020-07-07,23.06,23.31,22.97,23.17,1097570
626,2020-07-08,23.11,23.23,22.83,23.14,768660
627,2020-07-09,23.14,23.91,23.14,23.74,1531780
628,2020-07-10,23.51,23.77,23.26,23.69,1030790
629,2020-07-13,23.77,23.89,23.4,23.57,1039520
630,2020-07-14,23.31,23.57,23.23,23.54,990800
631,2020-07-15,23.8,23.8,23.57,23.6,690440
632,2020-07-16,23.6,23.63,23.4,23.6,473290
633,2020-07-17,23.63,23.89,23.63,23.74,1343600
634,2020-07-20,23.8,23.83,23.29,23.29,832370
635,2020-07-21,23.4,23.4,23.03,23.29,374580
636,2020-07-22,23.4,23.4,22.54,22.83,750600
637,2020-07-23,22.83,23.09,22.63,22.74,764300
638,2020-07-24,22.74,22.74,21.55,21.8,1807770
639,2020-07-27,20.55,21.57,20.29,20.29,1545430
640,2020-07-28,20.55,21.6,20.55,21.6,1193550
641,2020-07-29,21.0,21.23,20.43,21.09,725660
642,2020-07-30,21.4,21.4,20.55,21.23,419920
643,2020-07-31,20.55,21.26,20.55,20.92,479890
644,2020-08-03,20.72,21.32,20.72,21.23,646640
645,2020-08-04,21.69,21.69,21.4,21.63,494030
646,2020-08-05,21.57,22.26,21.46,22.12,911970
647,2020-08-06,22.06,22.2,21.8,21.83,597260
648,2020-08-07,21.83,22.03,21.66,21.75,532060
649,2020-08-10,21.94,22.09,21.75,21.75,534820
650,2020-08-11,21.92,22.03,21.75,21.97,780760
651,2020-08-12,22.03,22.46,22.03,22.37,963310
652,2020-08-13,22.63,22.66,22.43,22.63,673490
653,2020-08-14,22.46,22.6,22.14,22.26,985710
654,2020-08-17,22.2,22.26,21.94,22.09,631010
655,2020-08-18,22.26,22.26,21.92,21.92,663290
656,2020-08-19,21.92,22.17,21.92,22.03,346360
657,2020-08-20,22.03,22.17,21.83,21.83,859310
658,2020-08-21,21.92,22.4,21.92,22.23,1098410
659,2020-08-24,22.54,22.77,22.37,22.63,940780
660,2020-08-25,22.77,22.83,22.49,22.54,886570
661,2020-08-26,22.54,22.54,22.43,22.46,831700
662,2020-08-27,22.43,22.49,22.26,22.32,1095260
663,2020-08-28,22.54,23.4,22.43,23.14,3032570
664,2020-08-31,23.17,23.57,23.14,23.37,2006450
665,2020-09-01,23.11,23.63,23.06,23.63,2124220
666,2020-09-03,23.69,24.09,23.51,24.09,2666170
667,2020-09-04,23.57,24.14,23.54,24.03,2001840
668,2020-09-07,24.09,24.09,23.17,23.17,2246440
669,2020-09-08,23.29,23.4,22.86,23.31,1261510
670,2020-09-09,22.94,23.37,22.89,23.29,804160
671,2020-09-10,23.46,23.49,23.11,23.11,846810
672,2020-09-11,23.11,23.2,22.97,23.09,773230
673,2020-09-14,23.14,23.29,23.09,23.11,931340
674,2020-09-15,23.23,23.51,23.06,23.26,1109810
675,2020-09-16,23.34,23.34,23.09,23.14,546300
676,2020-09-17,23.23,23.46,23.0,23.11,1520660
677,2020-09-18,23.17,23.4,23.11,23.4,1401990
678,2020-09-21,23.51,23.69,23.23,23.29,1006520
679,2020-09-22,23.23,23.34,23.09,23.23,1160730
680,2020-09-23,23.29,23.91,23.29,23.63,2105880
681,2020-09-24,23.51,23.71,23.29,23.34,1523780
682,2020-09-25,23.4,23.46,23.14,23.29,1334760
683,2020-09-28,23.43,23.8,23.29,23.57,1952000
684,2020-09-29,23.69,23.94,23.17,23.2,2022020
685,2020-09-30,23.2,23.34,23.11,23.29,933550
686,2020-10-01,23.29,23.49,23.29,23.37,1157830
687,2020-10-02,23.4,23.66,21.97,23.2,1758990
688,2020-10-05,23.4,23.4,22.94,23.06,1567920
689,2020-10-06,23.14,23.29,23.0,23.09,1507790
690,2020-10-07,23.06,23.34,23.0,23.09,1177720
691,2020-10-08,23.17,23.2,22.72,23.06,1893390
692,2020-10-09,23.0,23.11,22.89,23.03,849330
693,2020-10-12,23.77,23.94,23.23,23.37,3533550
694,2020-10-13,23.4,23.89,23.17,23.54,1980740
695,2020-10-14,23.86,24.51,23.69,24.48,6821050
696,2020-10-15,24.8,24.8,24.09,24.11,2957800
697,2020-10-16,24.11,24.66,23.86,24.09,2411650
698,2020-10-19,24.23,24.23,23.8,23.91,2690250
699,2020-10-20,23.69,24.26,23.69,23.97,1923390
700,2020-10-21,24.2,24.83,24.06,24.17,3019940
701,2020-10-22,24.14,24.51,23.91,24.51,1733020
702,2020-10-23,24.77,24.77,24.43,24.43,1940000
703,2020-10-26,24.26,24.54,23.4,23.4,3379510
704,2020-10-27,23.4,23.69,23.23,23.23,2635960
705,2020-10-28,23.11,23.23,22.43,22.43,2899500
706,2020-10-29,22.14,22.54,21.94,22.06,2823190
707,2020-10-30,22.26,22.37,21.77,21.97,1678270
708,2020-11-02,21.97,22.32,21.97,22.2,1084730
709,2020-11-03,22.26,22.54,22.26,22.49,1035230
710,2020-11-04,22.49,22.89,22.46,22.69,1077740
711,2020-11-05,22.66,22.69,22.29,22.29,1280230
712,2020-11-06,22.52,22.52,22.17,22.29,646660
713,2020-11-09,22.52,22.52,22.32,22.4,1187610
714,2020-11-10,22.77,22.83,22.49,22.49,1361190
715,2020-11-11,22.49,22.63,22.34,22.49,723840
716,2020-11-12,22.54,22.72,22.49,22.6,1126040
717,2020-11-13,22.66,23.0,22.63,23.0,1833350
718,2020-11-16,23.03,23.29,22.77,22.77,1939610
719,2020-11-17,22.83,23.0,22.69,23.0,1455550
720,2020-11-18,23.0,23.03,22.83,22.86,1572210
721,2020-11-19,22.89,23.29,22.89,23.06,1787480
722,2020-11-20,23.23,23.54,23.23,23.51,2522690
723,2020-11-23,23.69,23.69,23.14,23.46,1315280
724,2020-11-24,23.46,23.46,23.06,23.23,1958510
725,2020-11-25,23.4,23.66,23.14,23.57,2775000
726,2020-11-26,23.57,24.31,23.4,24.31,4356380
727,2020-11-27,24.43,24.46,24.0,24.23,2323620
728,2020-11-30,24.23,24.26,23.8,23.8,1708190
729,2020-12-01,23.4,23.86,23.29,23.8,2913470
730,2020-12-02,23.83,23.97,23.63,23.69,1833120
731,2020-12-03,23.71,23.91,23.63,23.74,1836790
732,2020-12-04,23.74,24.14,23.69,23.77,2563040
733,2020-12-07,23.97,24.66,23.89,24.54,4120830
734,2020-12-08,24.71,24.71,24.23,24.37,2151740
735,2020-12-09,24.4,25.11,24.4,25.0,3679830
736,2020-12-10,25.0,25.57,24.94,25.08,3830860
737,2020-12-11,25.06,26.14,24.88,26.14,4566950
738,2020-12-14,26.34,26.57,26.17,26.54,2935490
739,2020-12-15,26.37,26.82,26.17,26.31,3422380
740,2020-12-16,26.31,27.08,26.31,27.05,3093050
741,2020-12-17,26.71,27.17,26.48,26.48,3894580
742,2020-12-18,26.65,27.11,26.48,26.82,2432540
743,2020-12-21,27.34,27.4,26.54,27.08,2476240
744,2020-12-22,27.08,27.08,26.6,26.74,2735230
745,2020-12-23,26.82,27.11,26.48,26.6,2105620
746,2020-12-24,26.6,26.71,25.06,25.97,3135180
747,2020-12-25,25.97,26.65,25.68,26.6,1562900
748,2020-12-28,26.8,27.4,26.71,27.08,3156280
749,2020-12-29,27.05,27.77,27.0,27.6,3031270
750,2020-12-30,27.62,27.85,27.4,27.42,1442160
751,2020-12-31,27.42,27.8,27.28,27.8,1342380
752,2021-01-04,27.71,28.12,27.71,28.0,1993800
753,2021-01-05,27.8,27.92,27.65,27.8,2155700
754,2021-01-06,28.03,29.37,27.6,28.32,3674500
755,2021-01-07,28.32,28.96,28.15,28.38,1678500
756,2021-01-08,28.61,28.61,27.97,28.15,2034900
757,2021-01-11,28.15,28.21,27.8,28.0,2758800
758,2021-01-12,28.0,28.44,27.8,28.29,2189300
759,2021-01-13,28.32,28.55,28.09,28.12,1650200
760,2021-01-14,28.15,28.44,27.86,28.35,1904800
761,2021-01-15,28.61,28.73,28.35,28.35,2404700
762,2021-01-18,28.38,28.44,28.21,28.24,1685100
763,2021-01-19,28.21,28.21,26.26,26.26,2701100
764,2021-01-20,26.26,26.99,24.67,26.41,2306500
765,2021-01-21,26.46,26.99,26.23,26.99,1347000
766,2021-01-22,26.99,27.02,26.17,26.26,2211800
767,2021-01-25,26.12,26.23,25.77,25.88,1371900
768,2021-01-26,25.74,25.74,24.26,24.69,1836800
769,2021-01-27,24.69,25.19,23.56,23.97,2102100
770,2021-01-28,22.63,23.21,22.32,22.32,2692000
771,2021-01-29,21.18,23.71,21.18,23.16,2008200
772,2021-02-01,23.16,23.8,22.43,22.69,1545000
773,2021-02-02,22.58,23.19,22.37,22.84,2497300
774,2021-02-03,23.27,24.09,23.04,24.0,1851900
775,2021-02-04,24.03,24.14,23.74,24.09,1378500
776,2021-02-05,24.09,24.43,23.97,24.26,1279600
777,2021-02-08,24.26,24.38,22.66,23.27,1874900
778,2021-02-09,23.51,23.91,23.04,23.68,1448500
779,2021-02-17,23.71,24.43,23.71,24.43,1439000
780,2021-02-18,24.49,25.25,24.2,25.19,2339700
781,2021-02-19,24.96,25.83,24.87,25.59,2027200
782,2021-02-22,25.59,25.83,25.36,25.39,1523800
783,2021-02-23,25.39,25.59,25.07,25.54,1533100
784,2021-02-24,25.48,25.65,24.72,24.98,1640000
785,2021-02-25,25.19,25.42,24.49,24.93,1733200
786,2021-02-26,24.84,25.36,24.55,25.3,1379500
787,2021-03-01,25.3,25.77,25.3,25.59,2251400
788,2021-03-02,25.83,25.88,25.45,25.57,2124000
789,2021-03-03,25.57,25.65,25.36,25.42,1583800
790,2021-03-04,25.54,25.68,24.55,24.81,2089500
791,2021-03-05,24.81,25.13,24.38,24.61,1857200
792,2021-03-08,25.19,25.19,24.55,24.64,1595300
793,2021-03-09,24.61,24.61,24.09,24.29,2430700
794,2021-03-10,24.38,24.49,24.03,24.38,2056500
795,2021-03-11,24.78,25.3,24.69,25.13,1672400
796,2021-03-12,25.28,25.36,25.01,25.16,2536400
797,2021-03-15,25.25,25.3,24.84,24.96,2779700
798,2021-03-16,24.96,25.07,24.55,24.61,2223700
799,2021-03-17,24.64,25.19,24.35,25.13,4346500
800,2021-03-18,25.54,26.29,25.28,26.12,5666500
801,2021-03-19,26.12,26.35,25.94,26.12,2885400
802,2021-03-22,26.12,26.12,25.83,25.91,2562800
803,2021-03-23,25.83,25.86,25.01,25.36,4549300
804,2021-03-24,24.96,25.13,24.32,24.46,3341900
805,2021-03-25,24.67,24.93,24.35,24.52,2369000
806,2021-03-26,24.35,24.61,23.51,24.43,2445100
807,2021-03-29,24.67,24.75,24.46,24.69,1347900
808,2021-03-30,24.78,24.98,24.55,24.87,2304200
809,2021-03-31,24.93,25.22,24.84,24.93,2170100
810,2021-04-01,24.96,25.54,24.96,25.51,3706500
811,2021-04-02,25.77,26.41,25.57,26.12,5794100
812,2021-04-05,26.46,26.64,26.17,26.44,5969400
813,2021-04-06,26.35,26.84,26.15,26.55,4113800
814,2021-04-07,26.52,26.55,26.32,26.44,2609000
815,2021-04-08,26.46,26.58,25.94,26.0,4412400
816,2021-04-09,25.94,26.0,25.57,25.71,4489700
817,2021-04-12,25.83,26.29,25.59,25.97,5149300
818,2021-04-13,26.12,26.17,25.25,25.33,3952000
819,2021-04-14,25.25,25.71,24.96,25.54,2839300
820,2021-04-15,25.59,25.65,24.96,24.98,3705100
821,2021-04-16,24.87,25.25,24.29,24.38,4667300
822,2021-04-19,24.4,25.01,24.26,24.96,3194000
823,2021-04-20,25.01,25.54,24.93,25.07,2676100
824,2021-04-22,25.07,25.07,23.8,23.8,2929700
825,2021-04-23,23.88,24.46,23.71,24.38,3078200
826,2021-04-26,24.23,24.38,23.51,23.51,3328300
827,2021-04-27,23.51,23.68,23.33,23.42,1978500
828,2021-04-28,23.42,23.74,23.42,23.56,1379200
829,2021-04-29,23.56,24.32,23.56,23.8,1949100
830,2021-05-04,23.21,24.26,23.21,23.97,2171900
831,2021-05-05,24.2,24.58,24.09,24.32,2692200
832,2021-05-06,24.32,24.32,23.91,23.94,2246100
833,2021-05-07,23.56,23.91,23.51,23.59,3706600
834,2021-05-10,23.56,24.09,23.42,24.03,3027800
835,2021-05-11,24.38,25.25,24.26,24.43,5349300
836,2021-05-12,24.38,24.78,24.26,24.75,3331500
837,2021-05-13,24.69,25.19,24.38,24.72,3483900
838,2021-05-14,24.84,24.96,24.55,24.58,2724600
839,2021-05-17,24.67,24.96,24.2,24.26,2992400
840,2021-05-18,24.2,24.2,23.68,23.74,3903100
841,2021-05-19,23.8,24.03,23.56,23.74,2872100
842,2021-05-20,23.74,24.32,23.21,24.29,3495000
843,2021-05-21,24.38,25.97,24.29,25.97,13027500
844,2021-05-24,26.41,26.93,26.41,26.7,6994100
845,2021-05-25,26.7,27.19,26.38,27.1,6329600
846,2021-05-26,27.1,27.34,26.81,27.07,7369800
847,2021-05-27,27.16,27.16,26.15,26.35,5862300
848,2021-05-28,26.46,27.68,26.06,27.36,7857000
849,2021-05-31,27.74,28.32,27.57,28.26,5597900
850,2021-06-01,28.35,28.44,27.86,27.86,4096100
851,2021-06-02,27.45,27.83,27.39,27.51,6043600
852,2021-06-03,27.74,28.73,27.51,28.32,6715400
853,2021-06-04,28.26,28.73,27.86,28.44,5939600
854,2021-06-07,28.15,28.21,26.46,27.16,5275100
855,2021-06-08,27.22,27.39,25.94,26.0,5685400
856,2021-06-09,26.12,26.52,25.54,26.38,4454300
857,2021-06-10,26.38,26.46,25.48,25.48,4463400
858,2021-06-11,25.54,26.26,25.25,26.23,6390300
859,2021-06-14,26.38,26.46,25.91,26.06,3394300
860,2021-06-15,26.06,26.2,25.54,26.06,3257000
861,2021-06-16,25.94,27.1,25.65,26.29,4217600
862,2021-06-17,25.88,26.9,25.88,26.64,3579300
863,2021-06-18,26.84,26.99,26.52,26.78,3200200
864,2021-06-21,26.64,26.7,26.03,26.12,4237600
865,2021-06-22,26.29,26.38,26.06,26.12,2781900
866,2021-06-23,26.06,26.93,26.06,26.35,2574200
867,2021-06-24,26.35,26.64,26.12,26.23,2110700
868,2021-06-25,26.17,26.7,25.94,26.44,2572300
869,2021-06-28,26.7,27.34,26.49,27.22,6685100
870,2021-06-29,27.28,27.8,27.05,27.22,3945700
871,2021-06-30,27.22,27.54,27.19,27.42,4001800
872,2021-07-01,27.57,27.65,27.19,27.45,4601600
873,2021-07-02,27.57,27.71,27.22,27.31,4204700
874,2021-07-05,27.31,27.31,26.23,27.07,3489500
875,2021-07-06,27.22,28.21,25.54,25.54,6896000
876,2021-07-07,25.83,26.49,25.3,26.41,3943600
877,2021-07-08,26.41,26.78,26.09,26.58,2127400
878,2021-07-09,26.23,26.7,25.54,26.06,3587800
879,2021-07-12,25.88,25.88,24.26,24.38,6021800
880,2021-07-13,24.67,24.81,24.11,24.61,1982500
881,2021-07-14,24.67,24.78,23.8,24.72,1788900
882,2021-07-15,24.4,25.04,24.38,24.78,1793200
883,2021-07-16,24.84,24.96,24.67,24.67,1416400
884,2021-07-19,23.85,24.32,23.01,23.01,2960800
885,2021-07-20,23.04,23.8,22.58,23.8,2713600
886,2021-07-21,24.03,24.03,23.51,23.62,1157700
887,2021-07-22,23.56,23.85,23.56,23.8,1700900
888,2021-07-23,23.74,24.09,23.33,23.33,1823500
889,2021-07-26,23.21,23.42,22.92,23.21,1436900
890,2021-07-27,23.45,23.68,23.3,23.33,1428900
891,2021-07-28,23.33,23.51,23.21,23.51,1233300
892,2021-07-29,23.68,23.8,23.56,23.8,1179900
893,2021-07-30,23.97,24.0,23.77,23.85,2031500
894,2021-08-02,24.38,24.93,24.38,24.69,3961400
895,2021-08-03,24.55,25.16,24.43,25.16,2765600
896,2021-08-04,25.19,25.25,24.78,24.96,2140000
897,2021-08-05,24.72,25.25,24.55,24.93,2116600
898,2021-08-06,24.93,25.19,24.72,24.9,1868300
899,2021-08-09,24.69,25.04,24.58,25.04,1743800
900,2021-08-10,25.1,25.25,24.98,25.13,1867400
901,2021-08-11,25.13,25.59,24.9,25.01,2739100
902,2021-08-12,25.16,25.19,24.84,24.84,1709400
903,2021-08-13,24.75,24.96,24.26,24.69,2309600
904,2021-08-16,24.58,25.25,24.38,25.13,3286300
905,2021-08-17,25.3,25.3,24.84,24.93,1565300
906,2021-08-18,24.9,24.96,24.67,24.75,1514500
907,2021-08-19,24.72,24.72,24.46,24.67,1803900
908,2021-08-20,24.72,24.9,23.21,23.51,4363500
909,2021-08-23,23.51,23.68,22.81,22.81,2742300
910,2021-08-24,22.81,23.04,22.58,22.87,2540900
911,2021-08-25,22.92,22.95,22.63,22.9,1103600
912,2021-08-26,23.01,23.01,22.05,22.4,2045600
913,2021-08-27,22.34,22.63,21.94,22.46,1906500
914,2021-08-30,22.63,22.92,22.52,22.9,1410200
915,2021-08-31,22.98,22.98,22.61,22.61,1814800
916,2021-09-01,22.52,22.69,22.43,22.63,1357900
917,2021-09-06,22.66,22.92,22.61,22.69,1364600
918,2021-09-07,22.81,23.33,22.72,23.04,1709800
919,2021-09-08,23.33,23.45,22.92,22.98,1420900
920,2021-09-09,22.98,23.1,22.95,23.1,839800
921,2021-09-10,23.21,23.21,22.98,23.01,793800
922,2021-09-13,23.01,23.01,22.63,22.72,1734700
923,2021-09-14,22.69,22.72,22.4,22.46,1415300
924,2021-09-15,22.4,22.63,22.4,22.52,1055100
925,2021-09-16,22.69,22.92,22.66,22.87,1465600
926,2021-09-17,22.98,23.48,22.98,23.21,1784100
927,2021-09-20,23.24,23.39,23.16,23.16,1957000
928,2021-09-21,22.92,23.1,22.75,23.01,1524100
929,2021-09-22,22.98,23.16,22.69,22.98,1267800
930,2021-09-23,23.1,23.16,22.9,22.9,1084600
931,2021-09-24,22.92,23.1,22.9,23.04,964900
932,2021-09-27,23.04,23.27,22.75,22.87,1210800
933,2021-09-28,22.87,23.42,22.75,23.27,2187700
934,2021-09-29,23.24,23.24,22.81,23.16,1183100
935,2021-09-30,23.13,23.21,22.84,22.9,1097300
936,2021-10-01,22.81,22.9,22.52,22.52,1658100
937,2021-10-04,22.55,22.98,22.34,22.58,1055100
938,2021-10-05,22.63,22.95,22.63,22.81,730100
939,2021-10-06,22.92,23.21,22.81,22.87,813300
940,2021-10-07,22.87,22.92,22.72,22.72,1021500
941,2021-10-08,22.72,22.87,22.72,22.75,978100
942,2021-10-11,22.98,23.21,22.87,23.21,1760100
943,2021-10-12,23.33,23.65,23.24,23.36,1985900
944,2021-10-13,23.39,23.48,22.98,23.16,1423600
945,2021-10-14,23.16,23.19,22.95,22.95,1060700
946,2021-10-15,22.95,23.13,22.92,22.92,1104900
947,2021-10-18,22.92,23.24,22.63,22.81,1795500
948,2021-10-19,22.81,23.53,22.63,23.24,2212300
949,2021-10-20,23.24,23.33,22.81,23.07,1079600
950,2021-10-21,23.07,23.16,22.92,22.92,632200
951,2021-10-22,22.92,23.04,22.81,22.81,1054900
952,2021-10-25,22.98,22.98,22.75,22.75,889700
953,2021-10-26,22.75,22.87,22.72,22.75,547200
954,2021-10-27,22.78,23.19,22.78,23.16,1412900
955,2021-10-28,23.21,23.33,23.04,23.13,1237100
956,2021-10-29,23.21,24.2,23.16,24.09,3730300
957,2021-11-01,24.38,24.43,24.14,24.26,3293200
958,2021-11-02,24.26,24.67,24.14,24.35,1527700
959,2021-11-03,24.55,25.59,24.38,24.98,5601700
960,2021-11-04,25.04,25.68,24.78,25.54,4380200
961,2021-11-05,25.54,25.77,25.1,25.3,1940900
962,2021-11-08,25.3,25.77,25.04,25.48,2686800
963,2021-11-09,25.54,25.62,24.96,24.96,2541000
964,2021-11-10,25.01,25.25,24.58,24.96,2138500
965,2021-11-11,25.19,25.25,24.49,24.84,2441800
966,2021-11-12,24.58,25.13,24.58,25.07,1878000
967,2021-11-15,25.16,25.25,24.38,24.84,1523300
968,2021-11-16,24.78,25.01,24.64,24.84,1266900
969,2021-11-17,24.75,25.42,24.64,25.3,2444800
970,2021-11-18,25.54,26.06,25.19,25.83,3510800
971,2021-11-19,25.86,26.73,24.38,25.77,4055100
972,2021-11-22,25.77,26.81,25.54,26.44,4942900
973,2021-11-23,26.41,26.41,25.65,25.94,1795000
974,2021-11-24,26.09,26.76,25.88,26.73,4127600
975,2021-11-25,26.93,26.93,26.29,26.32,2686800
976,2021-11-26,26.76,26.81,25.54,26.38,4132100
977,2021-11-29,25.83,26.12,25.59,25.83,3260500
978,2021-11-30,26.06,26.49,25.3,25.77,2542100
979,2021-12-01,25.77,25.94,25.36,25.71,1755700
980,2021-12-02,25.68,26.35,25.54,25.65,1367300
981,2021-12-03,25.83,25.83,24.38,24.38,2199100
982,2021-12-06,24.96,24.96,24.17,24.35,2858100
983,2021-12-07,24.4,25.39,24.4,25.3,1653500
984,2021-12-08,25.36,25.71,25.22,25.54,1145000
985,2021-12-09,25.51,25.62,25.28,25.54,979700
986,2021-12-10,25.71,26.23,25.71,25.88,2064600
987,2021-12-13,26.41,26.58,26.17,26.41,2477500
988,2021-12-14,26.52,26.52,26.23,26.29,1711000
989,2021-12-15,26.23,26.41,25.97,26.06,1426700
990,2021-12-16,26.12,26.12,25.54,26.06,1674500
991,2021-12-17,26.06,26.41,25.59,26.06,1851700
992,2021-12-20,26.0,26.09,25.83,25.88,1229300
993,2021-12-21,25.83,25.91,25.42,25.42,2787700
994,2021-12-22,25.54,25.68,24.93,25.13,2827800
995,2021-12-23,25.52,25.59,24.71,25.3,2318800
996,2021-12-24,25.3,25.96,25.3,25.67,1525000
997,2021-12-27,25.81,26.03,25.67,25.89,1202100
998,2021-12-28,26.03,26.03,25.59,25.81,1359900
999,2021-12-29,26.07,26.07,25.74,25.81,1581600
1000,2021-12-30,25.96,26.18,25.81,25.96,987000
1001,2021-12-31,26.11,27.65,26.03,27.21,4857000
1002,2022-01-04,27.57,27.87,27.32,27.43,1769200
1003,2022-01-05,27.79,27.79,27.06,27.17,1922200
1004,2022-01-06,26.77,28.45,26.58,27.87,5998800
1005,2022-01-07,28.34,28.93,27.61,28.75,4367700
1006,2022-01-10,28.75,29.55,28.45,28.49,3180600
1007,2022-01-11,28.45,29.26,28.09,28.89,4276500
1008,2022-01-12,28.89,30.91,28.89,30.91,8028300
1009,2022-01-13,31.17,33.07,31.17,32.27,9664800
1010,2022-01-14,31.75,33.07,31.75,32.45,3265400
1011,2022-01-17,32.27,34.47,31.97,32.01,7741100
1012,2022-01-18,31.83,33.33,31.83,32.93,4849200
1013,2022-01-19,33.04,33.59,31.94,32.01,2972800
1014,2022-01-20,31.61,34.25,30.98,34.25,5637900
1015,2022-01-21,34.5,35.79,34.1,34.72,4570000
1016,2022-01-24,34.39,35.57,34.36,34.39,4165100
1017,2022-01-25,33.95,35.93,33.66,35.93,4703200
1018,2022-01-26,36.3,36.63,35.27,35.27,4052900
1019,2022-01-27,35.2,35.57,34.76,34.91,1921100
1020,2022-01-28,34.91,35.93,34.69,35.16,2956900
1021,2022-02-07,35.49,35.64,34.61,34.76,3477200
1022,2022-02-08,34.76,35.49,34.1,34.72,2672600
1023,2022-02-09,34.69,35.86,34.47,35.49,4562000
1024,2022-02-10,35.64,35.86,35.2,35.49,2741500
1025,2022-02-11,35.35,35.57,35.05,35.13,1716100
1026,2022-02-14,34.61,34.91,32.82,32.82,7129000
1027,2022-02-15,32.89,33.95,32.56,33.88,3694100
1028,2022-02-16,33.81,33.81,32.78,33.11,2795800
1029,2022-02-17,33.51,33.73,32.78,33.73,1790200
1030,2022-02-18,33.33,33.77,32.78,32.78,2995400
1031,2022-02-21,32.85,33.33,32.05,33.18,2957200
1032,2022-02-22,32.93,33.73,32.78,33.73,2290300
1033,2022-02-23,34.1,34.39,33.37,33.44,2954000
1034,2022-02-24,33.22,33.4,31.97,32.71,3385900
1035,2022-02-25,32.71,33.44,32.63,32.67,2347500
1036,2022-02-28,32.49,32.67,32.05,32.05,2699000
1037,2022-03-01,32.08,33.0,31.97,32.34,2395600
1038,2022-03-02,32.05,32.27,31.06,31.13,3090100
1039,2022-03-03,31.06,31.68,30.8,31.39,2473700
1040,2022-03-04,31.39,31.9,31.17,31.75,1660800
1041,2022-03-07,31.39,31.39,30.91,30.98,2266100
1042,2022-03-08,30.65,31.2,30.36,30.51,2585800
1043,2022-03-09,30.51,30.73,29.7,29.7,1970700
1044,2022-03-10,30.43,30.8,30.03,30.03,1563100
1045,2022-03-11,30.03,30.69,30.03,30.69,1476500
1046,2022-03-14,30.69,30.95,30.29,30.29,1337300
1047,2022-03-15,30.29,30.95,30.07,30.87,1515300
1048,2022-03-16,31.02,31.02,30.43,30.51,1331400
1049,2022-03-17,30.95,32.45,30.07,31.9,5819900
1050,2022-03-18,32.05,32.71,31.9,32.19,2786600
1051,2022-03-21,32.19,32.34,31.75,32.12,1279000
1052,2022-03-22,32.12,32.23,31.68,31.9,2825000
1053,2022-03-23,31.86,32.56,31.64,31.83,1995900
1054,2022-03-24,31.83,31.86,31.53,31.61,1287000
1055,2022-03-25,31.64,32.16,31.24,31.86,1969000
1056,2022-03-28,31.53,31.86,30.4,30.51,3983900
1057,2022-03-29,30.58,31.17,30.43,31.09,1733800
1058,2022-03-30,30.87,33.0,30.58,31.94,3512800
1059,2022-03-31,32.08,32.23,31.83,31.9,1444000
1060,2022-04-01,31.9,32.63,31.83,32.52,3165900
1061,2022-04-04,32.96,32.96,32.45,32.45,2081900
1062,2022-04-05,31.9,32.12,31.64,31.75,2905000
1063,2022-04-06,31.53,32.12,31.28,31.9,3242600
1064,2022-04-07,31.9,32.52,31.57,31.57,3152800
1065,2022-04-08,31.53,31.68,30.65,30.73,3146100
1066,2022-04-12,31.02,31.02,29.66,29.66,3187500
1067,2022-04-13,29.7,30.36,29.41,29.99,1996100
1068,2022-04-14,30.36,30.36,29.7,29.7,1890900
1069,2022-04-15,29.77,30.21,28.6,28.82,2508700
1070,2022-04-18,29.0,29.11,27.72,27.83,2820600
1071,2022-04-19,28.12,28.75,27.5,27.83,2322500
1072,2022-04-20,27.83,28.45,27.76,27.83,1458300
1073,2022-04-21,27.79,28.42,27.61,28.23,2094100
1074,2022-04-22,28.31,28.67,27.87,28.23,2628900
1075,2022-04-25,28.23,28.31,26.29,26.29,2945400
1076,2022-04-26,25.78,27.32,25.78,27.06,1857800
1077,2022-04-27,27.13,27.5,26.73,27.28,748100
1078,2022-04-28,27.28,27.28,26.91,26.91,974900
1079,2022-04-29,27.02,27.68,26.99,27.32,1518600
1080,2022-05-04,27.32,27.65,27.1,27.32,1561000
1081,2022-05-05,27.57,28.01,27.13,28.01,1990600
1082,2022-05-06,27.39,27.76,27.13,27.13,1579600
1083,2022-05-09,26.84,27.06,25.26,25.26,2414100
1084,2022-05-10,25.01,26.33,24.57,26.25,1727600
1085,2022-05-11,26.22,26.47,25.7,26.47,862900
1086,2022-05-12,25.96,26.25,24.64,24.64,1507900
1087,2022-05-13,24.79,24.93,23.32,23.32,2353900
1088,2022-05-16,24.35,24.38,23.61,23.61,1280700
1089,2022-05-17,23.83,25.26,23.5,25.26,1116800
1090,2022-05-18,25.59,26.03,25.08,25.59,1288800
1091,2022-05-19,24.93,25.67,24.86,25.41,895100
1092,2022-05-20,25.23,25.59,25.15,25.3,1128100
1093,2022-05-23,25.23,25.45,24.2,24.46,1002800
1094,2022-05-24,24.71,24.82,24.27,24.75,768000
1095,2022-05-25,24.93,25.74,24.93,25.59,1066800
1096,2022-05-26,26.11,26.22,25.67,25.74,1194100
1097,2022-05-27,25.74,25.96,25.59,25.89,891000
1098,2022-05-30,26.03,26.29,25.81,26.22,1088100
1099,2022-05-31,26.03,26.11,25.67,25.89,1027300
1100,2022-06-01,25.74,26.07,25.63,25.78,1071100
1101,2022-06-02,25.78,25.81,25.3,25.45,905200
1102,2022-06-03,25.45,25.48,24.93,25.19,570700
1103,2022-06-06,25.19,25.41,24.79,25.08,918800
1104,2022-06-07,25.01,25.08,24.27,24.64,1172500
1105,2022-06-08,24.71,25.52,24.68,25.15,982900
1106,2022-06-09,25.19,25.48,25.01,25.3,394400
1107,2022-06-10,24.97,25.15,24.79,24.79,786000
1108,2022-06-13,24.24,24.46,23.43,23.43,1446900
1109,2022-06-14,23.39,24.05,22.81,23.69,1178900
1110,2022-06-15,23.47,23.83,22.73,23.47,1366100
1111,2022-06-16,23.47,24.05,23.47,23.69,1293500
1112,2022-06-17,23.43,23.43,22.88,23.17,1218700
1113,2022-06-20,23.25,23.32,21.63,21.63,972600
1114,2022-06-21,21.34,22.48,21.23,22.22,1403700
1115,2022-06-22,22.22,23.17,21.85,22.37,1532700
1116,2022-06-23,22.37,22.73,22.04,22.73,422300
1117,2022-06-24,22.88,23.65,22.81,22.88,1328200
1118,2022-06-27,22.95,23.32,22.84,23.28,826300
1119,2022-06-28,23.17,24.9,23.17,24.68,2412700
1120,2022-06-29,24.2,25.59,24.2,25.59,2342200
1121,2022-06-30,25.67,25.67,24.57,24.57,1498400
1122,2022-07-01,24.13,26.18,23.54,25.7,3520700
1123,2022-07-04,26.03,26.22,25.59,25.7,1827500
1124,2022-07-05,25.7,27.5,25.67,26.62,4933500
1125,2022-07-06,26.25,27.06,26.03,26.11,2731600
1126,2022-07-07,25.96,26.88,25.15,26.62,2824700
1127,2022-07-08,26.69,26.73,25.67,25.67,1979400
1128,2022-07-11,25.59,25.78,24.2,25.3,2058500
1129,2022-07-12,25.19,26.77,25.08,26.69,1671000
1130,2022-07-13,26.55,27.28,26.25,26.44,2657100
1131,2022-07-14,26.25,27.06,26.22,26.51,1504200
1132,2022-07-15,26.47,26.95,26.25,26.25,1387300
1133,2022-07-18,26.4,26.4,25.96,26.03,1698400
1134,2022-07-19,26.03,26.29,25.67,26.14,976900
1135,2022-07-20,26.55,27.06,26.36,26.69,1587800
1136,2022-07-21,26.55,27.02,26.55,26.77,1519100
1137,2022-07-22,27.06,27.06,26.03,26.03,1247400
1138,2022-07-25,26.03,26.33,25.52,25.96,1196800
1139,2022-07-26,26.25,26.4,26.03,26.07,885800
1140,2022-07-27,26.07,26.14,25.67,26.07,725200
1141,2022-07-28,26.4,27.02,26.18,26.77,2049800
1142,2022-07-29,26.91,27.79,26.88,27.35,4174700
1143,2022-08-01,27.43,28.6,27.35,28.6,3367400
1144,2022-08-02,28.31,28.6,28.01,28.23,1951800
1145,2022-08-03,27.83,28.82,27.79,28.82,2146200
1146,2022-08-04,28.82,29.08,28.23,28.82,2421700
1147,2022-08-05,28.75,28.75,28.23,28.6,1029400
1148,2022-08-08,28.6,28.78,28.38,28.45,987900
1149,2022-08-09,28.45,28.75,28.31,28.34,1567700
1150,2022-08-10,28.23,28.45,28.16,28.16,987000
1151,2022-08-11,28.6,28.82,28.01,28.09,1739100
1152,2022-08-12,28.09,28.75,27.98,28.75,1639000
1153,2022-08-15,28.82,30.18,28.82,30.07,3772200
1154,2022-08-16,30.03,30.14,29.7,29.7,981400
1155,2022-08-17,29.7,29.77,29.33,29.33,1394900
1156,2022-08-18,29.11,29.41,29.04,29.04,1480900
1157,2022-08-19,29.0,29.33,28.75,28.86,1451800
1158,2022-08-22,28.86,28.86,28.12,28.2,1761800
1159,2022-08-23,28.12,28.97,28.01,28.97,1732500
1160,2022-08-24,29.11,29.19,28.56,28.82,969800
1161,2022-08-25,28.6,28.97,28.56,28.82,1272100
1162,2022-08-26,28.82,29.44,28.82,28.89,2006200
1163,2022-08-29,28.31,28.82,27.98,28.6,1345400
1164,2022-08-30,28.64,29.66,28.6,29.19,2329700
1165,2022-08-31,29.19,29.48,29.04,29.33,1622100
1166,2022-09-05,29.33,29.37,28.78,28.97,803800
1167,2022-09-06,28.97,29.74,28.93,29.37,1779600
1168,2022-09-07,29.26,29.26,27.72,27.72,3012000
1169,2022-09-08,27.79,28.12,26.84,26.91,2190400
1170,2022-09-09,26.91,27.21,26.51,27.13,1111000
1171,2022-09-12,27.13,27.5,26.99,27.06,946450
1172,2022-09-13,27.06,27.32,26.88,26.99,847965
1173,2022-09-14,26.4,26.77,26.36,26.77,937765
1174,2022-09-15,26.77,26.99,26.14,26.22,1949856
1175,2022-09-16,26.4,26.55,26.03,26.03,977443
1176,2022-09-19,26.0,26.0,25.01,25.08,1278139
1177,2022-09-20,25.15,25.85,25.15,25.78,1118605
1178,2022-09-21,25.52,25.74,25.48,25.48,497103
1179,2022-09-22,25.34,25.89,25.26,25.78,979249
1180,2022-09-23,26.11,26.11,25.3,25.48,787198
1181,2022-09-26,25.01,25.12,23.76,24.49,2018029
1182,2022-09-27,24.57,24.97,24.2,24.71,608290
1183,2022-09-28,24.71,24.86,24.46,24.57,778570
1184,2022-09-29,24.93,25.01,24.53,24.57,1001071
1185,2022-09-30,24.05,24.86,23.69,24.86,1819117
1186,2022-10-03,24.27,24.64,23.14,23.14,1574858
1187,2022-10-04,23.47,23.5,22.66,22.73,1196328
1188,2022-10-05,23.32,23.47,22.95,23.32,517155
1189,2022-10-06,23.43,23.43,22.73,22.73,916258
1190,2022-10-07,22.37,22.44,21.19,21.41,1717139
1191,2022-10-10,20.64,22.33,20.53,22.0,1002148
1192,2022-10-11,22.0,22.0,20.9,20.9,908806
1193,2022-10-12,21.27,22.33,21.05,22.33,1478898
1194,2022-10-13,22.4,23.8,22.33,23.8,1415327
1195,2022-10-14,24.2,24.35,23.91,24.2,1721848
1196,2022-10-17,24.16,24.16,23.25,23.98,1090452
1197,2022-10-18,24.2,24.53,23.98,24.05,883424
1198,2022-10-19,24.05,24.57,23.76,24.2,754471
1199,2022-10-20,23.91,24.93,23.83,24.31,1477803
1200,2022-10-21,24.31,24.31,23.54,23.91,1658065
1201,2022-10-24,24.16,24.16,22.26,22.26,1375188
1202,2022-10-25,22.0,23.8,21.49,22.95,1465721
1203,2022-10-26,23.1,23.83,22.95,23.25,684896
1204,2022-10-27,23.32,24.86,23.32,24.86,2036546
1205,2022-10-28,25.15,25.63,24.79,24.79,2108244
1206,2022-10-31,24.79,25.56,24.71,25.34,2664974
1207,2022-11-01,25.37,25.78,24.93,24.97,1616234
1208,2022-11-02,24.97,25.19,24.6,24.71,1326436
1209,2022-11-03,24.31,24.79,24.2,24.2,1126384
1210,2022-11-04,24.2,24.68,23.14,24.42,2377412
1211,2022-11-07,24.05,25.01,24.05,24.42,1583239
1212,2022-11-08,24.2,25.67,24.2,25.59,3081236
1213,2022-11-09,25.74,26.99,25.7,26.51,4504408
1214,2022-11-10,26.36,26.36,24.68,25.45,2501614
1215,2022-11-11,26.4,26.77,25.96,26.4,2168354
1216,2022-11-14,26.11,27.06,25.59,26.33,1328089
1217,2022-11-15,25.67,26.22,24.49,24.49,1890316
1218,2022-11-16,23.39,26.18,23.14,26.18,1605275
1219,2022-11-17,26.55,26.77,26.03,26.14,1493788
1220,2022-11-18,26.14,26.44,24.93,26.36,1384727
1221,2022-11-21,26.77,26.77,26.03,26.03,1286232
1222,2022-11-22,25.37,26.95,25.37,26.73,2111140
1223,2022-11-23,26.69,27.87,26.36,27.43,2418256
1224,2022-11-24,27.28,28.16,26.99,27.87,1791007
1225,2022-11-25,28.16,29.33,28.01,29.33,2566780
1226,2022-11-28,29.33,29.77,28.6,28.97,2608636
1227,2022-11-29,28.97,30.07,28.49,30.07,2552531
1228,2022-11-30,30.07,31.02,28.97,30.14,2060423
1229,2022-12-01,30.14,30.43,28.6,28.6,1938985
1230,2022-12-02,28.6,30.29,28.56,30.21,1505423
1231,2022-12-05,30.36,30.8,29.74,30.25,1668082
1232,2022-12-06,30.14,30.14,28.67,28.67,2674908
1233,2022-12-07,28.97,28.97,28.23,28.6,1799011
1234,2022-12-08,28.75,30.21,28.45,28.6,2733145
1235,2022-12-09,28.53,28.97,28.09,28.75,1625164
1236,2022-12-12,28.89,29.26,27.94,27.94,1984825
1237,2022-12-13,27.9,28.97,27.9,28.38,1707714
1238,2022-12-14,29.11,29.11,28.45,28.45,660058
1239,2022-12-15,28.31,29.22,28.31,28.6,1460713
1240,2022-12-16,28.34,28.97,28.34,28.53,1001312
1241,2022-12-19,28.45,29.7,28.45,28.45,1918352
1242,2022-12-20,28.45,28.6,27.5,28.23,1653458
1243,2022-12-21,28.49,29.04,28.2,28.31,1433870
1244,2022-12-22,28.49,29.26,28.42,28.6,1336958
1245,2022-12-23,28.97,28.97,28.6,28.6,691373
1246,2022-12-26,28.6,28.67,28.42,28.45,1256272
1247,2022-12-27,28.45,29.33,28.38,29.33,1497183
1248,2022-12-28,29.41,31.09,29.04,30.73,3697677
1249,2022-12-29,30.8,30.87,29.33,29.33,1267149
1250,2022-12-30,29.52,30.43,28.31,28.31,2619301
1251,2023-01-03,28.82,30.21,28.64,30.21,1734902
1252,2023-01-04,30.21,30.95,29.63,29.92,2072076
1253,2023-01-05,30.07,30.14,29.52,29.88,1176389
1254,2023-01-06,29.88,31.13,29.77,30.54,3403352
1255,2023-01-09,30.95,30.95,29.96,30.07,1327117
1256,2023-01-10,30.51,30.58,29.88,30.29,925479
1257,2023-01-11,30.51,30.95,29.99,30.25,1532358
1258,2023-01-12,30.32,30.76,30.07,30.4,709355
1259,2023-01-13,30.51,30.95,30.51,30.65,1632087
1260,2023-01-16,30.8,32.78,30.76,32.78,4744054
1261,2023-01-17,33.0,33.22,32.71,32.96,1501080
1262,2023-01-18,32.93,33.4,32.85,33.07,1836121
1263,2023-01-19,33.07,33.95,32.96,33.7,1660492
1264,2023-01-27,34.1,34.17,32.63,32.67,1731126
1265,2023-01-30,32.27,32.93,32.27,32.63,1211836
1266,2023-01-31,32.45,33.07,31.94,33.07,1645341
1267,2023-02-01,33.26,33.37,31.24,31.39,2511860
1268,2023-02-02,31.35,31.97,30.87,31.64,2866054
1269,2023-02-03,31.9,32.12,31.64,31.79,1378814
1270,2023-02-06,31.75,33.0,31.46,33.0,1748181
1271,2023-02-07,33.0,33.26,32.05,32.12,1569559
1272,2023-02-08,32.19,33.18,32.19,32.63,1798589
1273,2023-02-09,32.63,33.0,32.27,32.27,1185612
1274,2023-02-10,32.56,32.67,31.5,31.5,1398920
1275,2023-02-13,31.5,32.56,31.5,32.56,1590833
1276,2023-02-14,32.63,32.63,31.75,31.83,1325859
1277,2023-02-15,31.64,32.6,31.64,32.27,605202
1278,2023-02-16,32.78,33.0,32.27,33.0,1068840
1279,2023-02-17,33.0,33.59,32.96,33.59,1495042
1280,2023-02-20,33.59,34.72,33.59,34.61,1511483
1281,2023-02-21,34.61,34.69,33.92,33.92,998047
1282,2023-02-22,33.62,33.73,33.0,33.0,995108
1283,2023-02-23,32.96,33.4,32.05,33.4,1281017
1284,2023-02-24,33.04,33.4,32.56,32.71,498530
1285,2023-02-27,32.63,32.63,31.97,32.45,939736
1286,2023-02-28,32.45,32.71,32.3,32.34,258186
1287,2023-03-01,32.27,33.48,32.12,33.48,741537
1288,2023-03-02,33.48,34.1,33.29,34.03,977626
1289,2023-03-03,34.03,34.1,33.18,33.66,736210
1290,2023-03-06,33.66,34.47,33.22,33.59,865699
1291,2023-03-07,33.37,34.54,33.37,34.39,1635598
1292,2023-03-08,34.03,35.2,33.66,35.2,1231249
1293,2023-03-09,35.2,35.2,34.5,34.94,1172128
1294,2023-03-10,34.8,34.8,34.43,34.58,862825
1295,2023-03-13,34.17,34.39,33.92,33.92,934562
1296,2023-03-14,33.81,33.99,32.82,33.04,1445334
1297,2023-03-15,33.73,34.76,33.33,34.32,629549
1298,2023-03-16,33.77,34.39,33.77,33.92,876442
1299,2023-03-17,34.47,34.47,33.73,33.95,311230
1300,2023-03-20,33.73,33.73,33.0,33.26,586661
1301,2023-03-21,33.29,33.55,32.85,33.26,742304
1302,2023-03-22,33.55,33.88,33.33,33.81,561786
1303,2023-03-23,33.22,33.73,33.22,33.66,415155
1304,2023-03-24,33.66,33.95,33.37,33.4,365179
1305,2023-03-27,33.4,33.84,33.0,33.73,673205
1306,2023-03-28,34.1,34.32,33.73,33.73,505224
1307,2023-03-29,33.73,33.99,33.4,33.88,303827
1308,2023-03-30,33.92,34.17,33.88,33.88,700455
1309,2023-03-31,33.88,34.47,33.77,33.88,644471
1310,2023-04-03,34.21,34.32,33.59,33.66,1264390
1311,2023-04-04,33.66,33.84,33.51,33.73,890133
1312,2023-04-05,33.73,33.95,33.22,33.37,1364548
1313,2023-04-06,33.37,34.1,33.22,33.73,1515622
1314,2023-04-07,33.55,33.73,33.37,33.48,732129
1315,2023-04-10,33.59,33.59,32.78,32.78,1806628
1316,2023-04-11,32.6,32.74,32.38,32.56,1229631
1317,2023-04-12,32.63,32.85,32.41,32.56,775972
1318,2023-04-13,32.56,33.0,32.56,32.96,779789
1319,2023-04-14,33.0,33.0,32.6,32.6,619122
1320,2023-04-17,32.6,33.07,32.56,33.0,716933
1321,2023-04-18,32.85,33.0,32.49,32.71,639923
1322,2023-04-19,32.82,32.82,32.41,32.56,452844
1323,2023-04-20,32.52,32.71,32.38,32.71,257397
1324,2023-04-21,32.71,32.71,32.41,32.41,354941
1325,2023-04-24,32.41,32.41,32.05,32.05,463207
1326,2023-04-25,31.97,32.19,31.64,31.94,539840
1327,2023-04-26,31.9,32.49,31.68,32.34,405370
1328,2023-04-27,32.34,32.34,31.9,32.19,163564
1329,2023-04-28,32.23,32.34,31.9,31.9,415123
1330,2023-05-04,31.9,32.41,31.75,32.08,376986
1331,2023-05-05,32.12,32.16,31.86,31.86,297140
1332,2023-05-08,31.94,33.37,31.94,32.78,1131194
1333,2023-05-09,32.78,33.26,32.78,33.07,651505
1334,2023-05-10,33.22,33.22,32.63,33.0,595636
1335,2023-05-11,33.0,33.18,32.85,33.0,511109
1336,2023-05-12,33.0,33.07,32.67,33.0,428666
1337,2023-05-15,33.73,33.73,32.93,32.93,436362
1338,2023-05-16,33.07,33.07,32.82,33.0,429634
1339,2023-05-17,33.0,33.07,32.85,32.85,866435
1340,2023-05-18,32.93,32.96,32.63,32.74,515381
1341,2023-05-19,32.71,32.96,32.49,32.56,603859
1342,2023-05-22,32.56,32.96,32.56,32.56,608178
1343,2023-05-23,32.93,32.93,32.16,32.16,754393
1344,2023-05-24,32.27,32.27,31.9,31.9,767768
1345,2023-05-25,31.9,32.27,31.86,32.08,655685
1346,2023-05-26,32.34,32.34,31.83,31.83,545642
1347,2023-05-29,32.23,32.23,31.83,32.19,668852
1348,2023-05-30,32.27,32.27,31.97,32.12,801247
1349,2023-05-31,32.12,32.27,31.94,32.27,771388
1350,2023-06-01,32.27,32.27,32.01,32.19,618364
1351,2023-06-02,32.27,32.93,32.27,32.78,1203844
1352,2023-06-05,32.93,33.26,32.78,32.78,960172
1353,2023-06-06,33.0,33.0,32.49,32.85,846789
1354,2023-06-07,32.85,32.93,32.52,32.52,968635
1355,2023-06-08,32.56,32.63,32.05,32.05,1655978
1356,2023-06-09,32.12,32.3,31.61,31.86,1290509
1357,2023-06-12,31.97,32.01,31.53,32.01,1126107
1358,2023-06-13,32.05,32.63,32.01,32.52,1329246
1359,2023-06-14,32.71,32.78,32.27,32.27,1335575
1360,2023-06-15,32.19,32.41,32.05,32.16,823999
1361,2023-06-16,32.49,32.63,32.01,32.05,1442289
1362,2023-06-19,32.12,32.16,31.75,31.75,796594
1363,2023-06-20,31.86,31.9,31.64,31.9,813300
1364,2023-06-21,31.9,32.27,31.75,31.83,813280
1365,2023-06-22,32.05,32.3,31.83,32.23,1284588
1366,2023-06-23,32.19,32.96,32.05,32.49,1913112
1367,2023-06-26,32.63,32.89,32.19,32.49,1225691
1368,2023-06-27,32.34,32.6,32.27,32.49,794604
1369,2023-06-28,32.49,33.26,32.38,33.26,2339140
1370,2023-06-29,33.29,33.66,32.63,32.63,1583263
1371,2023-06-30,32.63,32.85,31.79,31.79,975505
1372,2023-07-03,32.19,32.63,32.05,32.63,1086025
1373,2023-07-04,32.56,32.67,32.08,32.27,1183792
1374,2023-07-05,32.41,32.82,32.3,32.52,1295281
1375,2023-07-06,32.41,32.74,31.97,32.23,1337633
1376,2023-07-07,32.05,32.49,32.05,32.49,880503
1377,2023-07-10,32.56,34.43,32.41,34.43,4624172
1378,2023-07-11,34.61,34.76,34.1,34.14,2621966
1379,2023-07-12,34.43,34.58,33.84,34.25,2334556
1380,2023-07-13,34.39,34.83,34.14,34.39,1886191
1381,2023-07-14,34.39,34.94,33.77,34.28,2607357
1382,2023-07-17,34.28,34.54,33.88,33.88,2232487
1383,2023-07-18,33.88,34.25,33.88,34.25,1668084
1384,2023-07-19,34.39,34.39,33.62,33.92,2330351
1385,2023-07-20,33.88,34.03,33.62,33.92,935257
1386,2023-07-21,33.92,34.28,33.81,34.28,1422722
1387,2023-07-24,34.39,34.91,34.32,34.32,1971317
1388,2023-07-25,34.28,34.61,34.25,34.58,1623071
1389,2023-07-26,34.58,35.24,34.58,34.72,2331102
1390,2023-07-27,34.69,34.76,34.21,34.25,1370747
1391,2023-07-28,34.25,34.69,34.03,34.25,1755787
1392,2023-07-31,34.47,34.8,34.25,34.61,1874511
1393,2023-08-01,34.87,36.3,34.61,35.35,3818310
1394,2023-08-02,35.35,36.15,35.31,36.01,2357585
1395,2023-08-03,36.01,36.04,35.49,35.6,2095613
1396,2023-08-04,35.57,35.86,35.35,35.49,2197186
1397,2023-08-07,35.71,36.26,35.53,35.82,2005942
1398,2023-08-08,35.86,36.26,35.6,35.68,2106243
1399,2023-08-09,35.68,35.79,35.24,35.35,1803151
1400,2023-08-10,35.35,35.49,34.1,34.1,2613597
1401,2023-08-11,34.1,34.39,33.44,34.25,2103722
1402,2023-08-14,34.47,34.94,34.21,34.91,2118350
1403,2023-08-15,34.76,34.91,34.36,34.47,1658986
1404,2023-08-16,34.43,34.91,34.39,34.83,1354583
1405,2023-08-17,34.83,34.98,34.54,34.54,1667072
1406,2023-08-18,34.54,34.54,32.34,32.41,2846703
1407,2023-08-21,32.71,34.36,32.63,33.44,1811621
1408,2023-08-22,32.93,33.7,32.63,33.59,1288347
1409,2023-08-23,33.88,33.88,33.29,33.51,1363636
1410,2023-08-24,33.51,33.81,33.26,33.59,1360643
1411,2023-08-25,33.59,33.59,33.04,33.15,1175391
1412,2023-08-28,33.26,33.66,33.22,33.29,741098
1413,2023-08-29,33.29,33.81,33.26,33.59,1360549
1414,2023-08-30,33.73,34.17,33.59,33.88,1124807
1415,2023-08-31,33.99,34.43,33.95,34.43,1670262
1416,2023-09-05,34.47,34.98,34.47,34.83,1363784
1417,2023-09-06,34.98,34.98,34.58,34.69,1179695
1418,2023-09-07,34.83,35.31,34.61,34.72,1175552
1419,2023-09-08,34.83,34.87,34.43,34.47,1602280
1420,2023-09-11,34.76,34.76,33.73,34.1,968152
1421,2023-09-12,34.28,34.47,34.03,34.47,992725
1422,2023-09-13,34.54,34.72,34.1,34.47,1202272
1423,2023-09-14,34.47,35.13,34.28,34.28,1875211
1424,2023-09-15,34.47,34.76,34.32,34.32,1054708
1425,2023-09-18,34.47,34.47,33.22,33.55,1447691
1426,2023-09-19,33.59,33.84,33.0,33.15,1190762
1427,2023-09-20,33.15,33.51,33.07,33.51,674134
1428,2023-09-21,33.51,33.77,33.07,33.15,915754
1429,2023-09-22,32.85,33.77,32.41,33.77,1823119
1430,2023-09-25,33.77,33.77,32.93,33.07,1038835
1431,2023-09-26,33.22,33.22,32.41,32.52,1122726
1432,2023-09-27,32.52,32.78,32.45,32.56,1080562
1433,2023-09-28,32.52,32.78,32.45,32.52,696016
1434,2023-09-29,32.56,32.82,32.41,32.52,543179
1435,2023-10-02,32.52,32.74,32.12,32.23,688922
1436,2023-10-03,32.01,32.08,30.47,30.47,1337182
1437,2023-10-04,30.07,31.5,30.07,31.17,893351
1438,2023-10-05,31.17,31.42,30.47,30.51,526719
1439,2023-10-06,30.51,31.17,30.21,30.95,555678
1440,2023-10-09,30.95,31.02,30.65,30.76,700250
1441,2023-10-10,30.95,31.17,30.73,30.84,877347
1442,2023-10-11,31.17,31.17,30.62,30.8,1118039
1443,2023-10-12,30.84,31.09,30.73,30.91,1017284
1444,2023-10-13,30.95,31.17,30.87,31.17,1027673
1445,2023-10-16,31.17,31.17,30.25,30.54,974231
1446,2023-10-17,30.73,30.95,30.29,30.29,979130
1447,2023-10-18,30.29,30.32,29.33,29.33,1456482
1448,2023-10-19,29.48,29.77,29.11,29.48,1170275
1449,2023-10-20,29.48,29.7,29.0,29.7,979470
1450,2023-10-23,29.55,29.7,29.41,29.55,707250
1451,2023-10-24,29.44,30.4,29.44,30.29,916214
1452,2023-10-25,30.29,30.51,29.88,29.88,742466
1453,2023-10-26,29.33,29.99,28.6,29.74,1976533
1454,2023-10-27,29.74,30.8,29.48,30.8,895083
1455,2023-10-30,30.73,30.73,30.07,30.07,541271
1456,2023-10-31,30.07,30.43,29.48,29.48,545445
1457,2023-11-01,29.99,29.99,29.11,29.33,352148
1458,2023-11-02,29.96,30.54,29.77,30.54,690989
1459,2023-11-03,30.98,30.98,30.43,30.43,564131
1460,2023-11-06,30.54,30.95,30.51,30.65,587650
1461,2023-11-07,30.8,30.8,30.43,30.65,532067
1462,2023-11-08,30.54,31.53,30.47,31.46,967527
1463,2023-11-09,31.53,31.64,31.24,31.42,757675
1464,2023-11-10,31.09,31.46,30.87,30.95,628038
1465,2023-11-13,30.95,31.31,30.76,30.87,474759
1466,2023-11-14,30.98,31.86,30.98,31.53,1572654
1467,2023-11-15,31.83,32.38,31.68,32.38,1450601
1468,2023-11-16,32.45,32.56,31.86,32.08,971468
1469,2023-11-17,32.27,32.27,31.2,31.46,1210754
1470,2023-11-20,30.8,32.16,30.8,31.64,810753
1471,2023-11-21,32.05,32.23,31.53,32.23,824797
1472,2023-11-22,32.23,32.27,31.83,31.97,739459
1473,2023-11-23,32.27,32.27,31.53,31.53,756246
1474,2023-11-24,31.53,32.01,31.09,32.01,812011
1475,2023-11-27,32.01,32.01,31.39,31.53,748402
1476,2023-11-28,32.23,32.23,31.57,32.11,835635
1477,2023-11-29,32.23,32.48,32.15,32.48,813308
1478,2023-11-30,32.23,32.64,32.06,32.11,728032
1479,2023-12-01,32.15,32.64,32.11,32.56,762309
1480,2023-12-04,32.64,32.89,32.52,32.89,713493
1481,2023-12-05,32.89,32.97,32.56,32.77,656184
1482,2023-12-06,32.77,33.39,32.56,33.06,1158312
1483,2023-12-07,33.35,33.88,33.06,33.55,1956881
1484,2023-12-08,33.55,34.71,33.55,34.63,2408030
1485,2023-12-11,34.71,34.87,34.17,34.21,1591005
1486,2023-12-12,34.3,34.75,34.05,34.63,957886
1487,2023-12-13,34.63,34.71,33.55,34.38,794504
1488,2023-12-14,34.42,34.54,34.13,34.38,780657
1489,2023-12-15,34.25,34.46,34.09,34.3,562608
1490,2023-12-18,33.92,34.3,33.47,33.88,679053
1491,2023-12-19,33.88,34.3,33.51,34.05,823834
1492,2023-12-20,34.63,34.71,33.72,34.13,1025521
1493,2023-12-21,33.8,34.63,33.8,34.54,1137420
1494,2023-12-22,34.54,35.08,34.21,35.08,1190985
1495,2023-12-25,35.12,35.78,34.71,35.7,1175553
1496,2023-12-26,35.7,35.99,35.29,35.54,1165412
1497,2023-12-27,35.37,35.7,35.37,35.54,939903
1498,2023-12-28,35.54,35.66,35.29,35.29,1100128
1499,2023-12-29,35.29,35.87,34.96,35.87,883671
1500,2024-01-02,35.87,36.03,35.29,35.54,1112938
1501,2024-01-03,35.87,36.44,35.54,36.2,1561832
1502,2024-01-04,36.28,37.19,36.03,36.07,3214754
1503,2024-01-05,36.11,37.15,36.11,36.77,1331657
1504,2024-01-08,37.02,38.43,36.9,38.34,1951306
1505,2024-01-09,38.84,38.84,38.06,38.06,1743286
1506,2024-01-10,38.06,39.5,38.01,39.17,2144305
1507,2024-01-11,39.01,39.05,38.18,38.43,3399421
1508,2024-01-12,37.93,39.01,37.23,38.01,3091109
1509,2024-01-15,38.06,38.84,38.06,38.51,1345255
1510,2024-01-16,38.06,38.8,38.06,38.76,1135791
1511,2024-01-17,38.47,38.84,38.26,38.72,1469274
1512,2024-01-18,38.72,39.54,38.55,39.25,2293041
1513,2024-01-19,39.58,41.2,39.01,41.2,2971887
1514,2024-01-22,41.28,41.49,40.25,41.15,2372235
1515,2024-01-23,40.91,41.15,40.2,40.82,2186583
1516,2024-01-24,40.08,40.66,40.04,40.41,1872754
1517,2024-01-25,40.41,41.11,40.0,40.0,1353235
1518,2024-01-26,40.0,40.45,40.0,40.45,814358
1519,2024-01-29,40.41,40.66,40.08,40.25,986750
1520,2024-01-30,40.33,40.41,39.83,40.04,1123666
1521,2024-01-31,40.08,40.33,39.25,39.42,1676533
1522,2024-02-01,39.25,39.63,38.96,39.05,1545088
1523,2024-02-02,39.09,39.25,38.59,38.76,1955284
1524,2024-02-05,38.92,40.82,38.88,40.2,2254701
1525,2024-02-06,40.33,40.33,39.67,40.33,1529371
1526,2024-02-07,40.33,40.53,40.16,40.45,1861415
1527,2024-02-15,40.45,40.7,40.04,40.45,1628521
1528,2024-02-16,40.49,40.49,39.92,40.12,1355591
1529,2024-02-19,40.29,41.57,39.87,40.74,3288060
1530,2024-02-20,40.91,41.49,40.82,40.82,1572592
1531,2024-02-21,41.11,41.15,40.41,41.11,1854473
1532,2024-02-22,41.15,41.24,40.91,41.11,1598960
1533,2024-02-23,41.15,43.96,40.74,42.97,6948065
1534,2024-02-26,43.63,45.04,42.97,44.3,1536698
1535,2024-02-27,44.38,44.63,43.8,43.8,1744935
1536,2024-02-28,43.96,45.29,43.22,44.54,2346478
1537,2024-02-29,44.54,44.63,43.8,43.8,1340368
1538,2024-03-01,44.05,44.87,43.3,44.21,1248808
1539,2024-03-04,44.3,45.04,43.39,44.21,2334455
1540,2024-03-05,44.21,44.96,43.72,44.96,1203171
1541,2024-03-06,44.63,45.29,44.21,44.96,1587437
1542,2024-03-07,44.96,44.96,43.96,44.05,2127394
1543,2024-03-08,44.13,44.13,40.99,42.23,2743455
1544,2024-03-11,42.81,43.3,41.73,41.73,1481676
1545,2024-03-12,41.82,43.06,41.73,42.97,1212545
1546,2024-03-13,43.14,43.47,42.81,43.47,1399923
1547,2024-03-14,44.21,44.21,42.48,42.72,1484385
1548,2024-03-15,42.64,43.63,42.15,43.14,1435031
1549,2024-03-18,42.97,43.63,41.24,42.97,1483545
1550,2024-03-19,43.06,43.06,42.15,42.64,766534
1551,2024-03-20,42.64,43.88,41.73,43.8,3135459
1552,2024-03-21,43.96,44.13,43.63,43.8,1859542
1553,2024-03-22,44.05,46.86,44.05,44.79,4368960
1554,2024-03-25,44.79,45.87,43.55,43.8,1264961
1555,2024-03-26,43.8,44.54,43.8,43.8,1411023
1556,2024-03-27,44.05,44.05,43.39,43.39,1609580
1557,2024-03-28,43.96,44.54,43.39,43.47,1360986
1558,2024-03-29,43.96,43.96,42.97,43.06,1789819
1559,2024-04-01,43.14,43.55,42.72,43.06,1365330
1560,2024-04-02,42.89,43.3,42.56,42.89,1578085
1561,2024-04-03,42.97,43.22,42.15,42.15,1497781
1562,2024-04-04,42.81,42.81,42.15,42.15,1094832
1563,2024-04-05,42.06,42.06,41.49,41.49,1656504
1564,2024-04-08,41.49,42.64,41.32,41.98,906777
1565,2024-04-09,42.23,43.55,41.98,43.55,1752434
1566,2024-04-10,43.63,43.63,42.89,42.97,1194800
1567,2024-04-11,42.56,44.13,42.39,43.8,2278176
1568,2024-04-12,43.8,45.04,43.63,44.13,3378524
1569,2024-04-15,44.05,45.04,41.07,41.07,2543650
1570,2024-04-16,41.07,42.31,40.87,41.57,2353772
1571,2024-04-17,42.06,42.15,39.67,39.75,1976645
1572,2024-04-19,39.58,40.91,38.92,39.96,2172286
1573,2024-04-22,40.33,41.4,40.33,41.4,1300516
1574,2024-04-23,40.66,41.73,40.08,40.82,2275027
1575,2024-04-24,40.87,41.65,40.78,41.32,1417731
1576,2024-04-25,41.11,41.57,40.74,40.99,1054622
1577,2024-04-26,40.99,41.4,40.58,40.66,776097
1578,2024-05-02,40.74,41.07,40.37,40.66,569727
1579,2024-05-03,41.03,41.24,40.49,40.66,701877
1580,2024-05-06,40.74,41.73,40.74,41.73,1193818
1581,2024-05-07,41.82,42.15,41.32,41.32,1071204
1582,2024-05-08,41.4,41.98,41.15,41.15,1058548
1583,2024-05-09,41.57,41.57,40.91,40.91,971915
1584,2024-05-10,40.99,41.11,40.45,40.53,828864
1585,2024-05-13,40.66,40.91,40.08,40.16,1665656
1586,2024-05-14,40.33,40.66,39.71,39.75,1950627
1587,2024-05-15,40.04,40.45,39.96,40.16,1394263
1588,2024-05-16,40.62,41.57,40.53,40.99,2099463
1589,2024-05-17,41.03,41.07,40.66,40.78,1519945
1590,2024-05-20,40.99,41.9,40.91,40.99,2194600
1591,2024-05-21,41.32,41.57,40.82,41.32,1796281
1592,2024-05-22,41.73,42.31,41.11,41.15,2430579
1593,2024-05-23,41.15,41.49,40.82,40.91,1790055
1594,2024-05-24,40.99,41.82,40.08,40.66,2177908
1595,2024-05-27,40.82,40.82,40.12,40.41,765228
1596,2024-05-28,40.49,40.66,40.16,40.58,1232312
1597,2024-05-29,40.87,40.87,40.16,40.16,1390091
1598,2024-05-30,40.0,40.08,39.17,39.42,2095616
1599,2024-05-31,39.42,39.92,38.92,38.92,1970022
1600,2024-06-03,39.58,40.04,39.01,39.09,2097260
1601,2024-06-04,39.54,39.83,39.3,39.34,1116575
1602,2024-06-05,39.58,39.83,39.38,39.38,1801566
1603,2024-06-06,39.42,39.75,39.42,39.58,1414731
1604,2024-06-07,39.75,39.92,39.42,39.46,1235300
1605,2024-06-10,39.54,40.12,39.3,39.38,2065498
1606,2024-06-11,39.5,39.54,39.01,39.13,2538535
1607,2024-06-12,39.34,39.63,38.84,39.58,2651508
1608,2024-06-13,39.96,39.96,39.58,39.96,2618192
1609,2024-06-14,40.0,40.29,39.25,39.25,2243470
1610,2024-06-17,39.25,39.25,38.43,38.43,2815727
1611,2024-06-18,38.59,38.88,38.43,38.43,1470307
1612,2024-06-19,38.68,38.68,37.89,38.1,2602167
1613,2024-06-20,38.01,38.18,37.48,37.6,2673823
1614,2024-06-21,37.68,38.39,37.64,37.68,1542112
1615,2024-06-24,38.01,38.3,37.19,37.19,1954551
1616,2024-06-25,37.52,37.77,35.99,36.53,2894172
1617,2024-06-26,36.57,37.02,36.36,36.77,1692167
1618,2024-06-27,36.94,37.19,36.44,36.44,1575076
1619,2024-06-28,36.44,36.86,35.74,35.74,2123329
1620,2024-07-01,35.78,36.28,35.54,36.28,1239342
1621,2024-07-02,36.57,37.85,36.4,37.81,3615544
1622,2024-07-03,38.01,39.01,37.64,39.01,4605235
1623,2024-07-04,38.84,39.17,38.68,39.09,2668392
1624,2024-07-05,39.13,39.83,38.92,39.09,4625999
1625,2024-07-08,39.3,39.5,38.63,38.84,1984524
1626,2024-07-09,39.25,39.67,38.76,39.25,2574979
1627,2024-07-10,39.54,39.58,38.76,38.76,2021521
1628,2024-07-11,39.21,39.21,38.68,38.68,1295594
1629,2024-07-12,38.76,39.01,38.22,38.51,1437570
1630,2024-07-15,38.84,38.88,38.26,38.47,1186390
1631,2024-07-16,38.68,39.92,38.43,38.96,4083531
1632,2024-07-17,39.58,41.32,39.3,39.67,7862737
1633,2024-07-18,40.16,40.74,39.54,40.08,3365146
1634,2024-07-19,40.33,40.49,39.25,39.42,3084606
1635,2024-07-22,39.42,40.25,39.01,39.42,3440872
1636,2024-07-23,39.5,39.87,36.77,38.01,3362032
1637,2024-07-24,37.19,38.72,37.19,38.1,2480906
1638,2024-07-25,38.39,38.39,37.6,38.01,1466567
1639,2024-07-26,38.26,38.47,37.89,38.22,1239588
1640,2024-07-29,38.3,39.05,38.3,38.92,1046716
1641,2024-07-30,39.13,39.13,38.43,38.68,2283675
1642,2024-07-31,38.84,40.0,38.76,39.34,3163962
1643,2024-08-01,39.58,40.41,38.68,38.68,3828424
1644,2024-08-02,38.43,39.46,38.43,39.46,1970252
1645,2024-08-05,38.76,39.01,37.19,38.1,2725167
1646,2024-08-06,38.34,39.38,37.89,38.63,1807610
1647,2024-08-07,39.17,39.17,38.01,38.34,2146141
1648,2024-08-08,38.43,38.68,37.77,38.01,1425343
1649,2024-08-09,38.84,38.84,38.3,38.59,1051831
1650,2024-08-12,38.59,39.13,38.43,38.68,1360111
1651,2024-08-13,38.84,38.96,38.43,38.55,1016649
1652,2024-08-14,38.68,39.46,38.68,38.88,1705367
1653,2024-08-15,38.88,39.21,38.55,38.55,1005251
1654,2024-08-16,38.63,39.71,38.63,39.25,2384649
1655,2024-08-19,39.5,40.08,39.34,39.58,2109637
1656,2024-08-20,39.92,40.66,39.79,40.62,4363152
1657,2024-08-21,40.87,41.98,40.53,41.82,6176457
1658,2024-08-22,42.15,42.39,41.24,41.57,2741504
1659,2024-08-23,41.49,41.98,41.4,41.73,2275733
1660,2024-08-26,41.98,42.06,41.4,41.49,2249313
1661,2024-08-27,41.57,41.57,40.58,40.99,4162989
1662,2024-08-28,40.99,41.57,40.91,40.99,1207704
1663,2024-08-29,40.74,41.82,40.74,40.74,1687720
1664,2024-08-30,40.95,41.07,40.41,40.41,1799461
1665,2024-09-04,40.08,40.87,39.79,40.45,1973073
1666,2024-09-05,40.29,40.91,40.16,40.25,1901203
1667,2024-09-06,40.25,40.91,40.2,40.74,2363275
1668,2024-09-09,40.66,40.95,40.41,40.53,1203365
1669,2024-09-10,40.74,40.74,40.04,40.08,2401313
1670,2024-09-11,40.04,40.2,39.67,39.92,1407787
1671,2024-09-12,40.08,40.25,39.96,39.96,1105781
1672,2024-09-13,39.83,40.12,39.83,39.83,747831
1673,2024-09-16,39.83,40.16,39.46,39.46,1571633
1674,2024-09-17,39.5,40.25,39.25,40.25,1364317
1675,2024-09-18,40.33,40.87,40.08,40.53,1837615
1676,2024-09-19,40.66,40.82,40.33,40.7,1357466
1677,2024-09-20,40.91,41.24,40.53,40.53,2654632
1678,2024-09-23,40.53,40.82,40.25,40.25,1218959
1679,2024-09-24,40.45,40.7,40.08,40.7,1415266
1680,2024-09-25,41.07,41.65,40.78,41.32,5261327
1681,2024-09-26,41.57,41.98,41.2,41.32,4236900
1682,2024-09-27,41.57,42.72,41.32,41.4,3206731
1683,2024-09-30,41.4,41.49,40.99,41.07,2192128
1684,2024-10-01,41.07,41.9,41.07,41.07,2820043
1685,2024-10-02,41.07,41.49,40.99,41.15,1836154
1686,2024-10-03,41.15,41.98,40.91,40.91,3506280
1687,2024-10-04,40.91,40.99,40.62,40.66,2165968
1688,2024-10-07,40.91,40.91,40.49,40.53,1494152
1689,2024-10-08,40.53,40.78,40.33,40.41,1902042
1690,2024-10-09,40.66,40.99,40.33,40.87,2192302
1691,2024-10-10,41.28,41.28,40.82,41.11,2652527
1692,2024-10-11,41.2,41.2,40.74,40.82,1540828
1693,2024-10-14,40.91,41.11,40.82,40.82,1163352
1694,2024-10-15,40.91,42.15,40.91,41.32,6931693
1695,2024-10-16,41.32,41.73,41.15,41.2,1792036
1696,2024-10-17,41.49,41.57,40.95,41.57,2120393
1697,2024-10-18,41.9,42.15,41.57,41.57,3397095
1698,2024-10-21,41.32,41.49,41.03,41.03,2126633
1699,2024-10-22,41.07,41.07,40.25,40.29,3374102
1700,2024-10-23,40.29,40.29,39.67,40.0,2398865
1701,2024-10-24,39.75,40.37,39.67,39.67,1466742
1702,2024-10-25,39.71,39.92,39.25,39.25,1697241
1703,2024-10-28,39.25,39.46,39.09,39.25,1727122
1704,2024-10-29,39.42,40.04,39.25,39.3,2177648
1705,2024-10-30,39.38,39.83,39.38,39.42,1416820
1706,2024-10-31,39.67,40.04,39.38,39.46,1793000
1707,2024-11-01,39.67,39.75,39.3,39.46,1544087
1708,2024-11-04,39.46,39.83,39.3,39.42,1338003
1709,2024-11-05,39.42,39.58,39.13,39.17,1526924
1710,2024-11-06,39.34,39.79,39.34,39.71,1083269
1711,2024-11-07,40.0,40.0,39.34,39.34,1264744
1712,2024-11-08,39.42,39.58,38.84,39.17,2650552
1713,2024-11-11,39.17,39.25,38.34,38.43,2603153
1714,2024-11-12,38.43,38.72,38.26,38.26,1688825
1715,2024-11-13,38.26,38.43,37.89,38.14,1818624
1716,2024-11-14,38.22,38.22,37.6,37.6,2001459
1717,2024-11-15,37.68,37.68,36.94,36.94,2259406
1718,2024-11-18,36.9,37.68,36.73,36.73,1916517
1719,2024-11-19,37.35,37.35,36.86,36.86,1458953
1720,2024-11-20,36.94,37.89,36.77,37.19,2190978
1721,2024-11-21,37.27,37.73,37.27,37.48,1473934
1722,2024-11-22,37.85,37.85,37.39,37.77,1876045
1723,2024-11-25,37.77,37.85,37.6,37.64,1111803
1724,2024-11-26,37.6,38.22,37.6,38.22,1840917
1725,2024-11-27,38.22,38.39,38.06,38.3,1216426
1726,2024-11-28,38.43,38.47,38.1,38.1,1286086
1727,2024-11-29,38.1,38.63,37.89,38.63,1444486
1728,2024-12-02,38.76,38.92,38.43,38.43,1315663
1729,2024-12-03,38.43,38.43,38.06,38.06,1401191
1730,2024-12-04,38.1,38.14,37.31,37.31,2401095
1731,2024-12-05,37.44,38.68,37.44,38.01,2429151
1732,2024-12-06,38.34,38.8,38.34,38.51,2499768
1733,2024-12-09,38.55,38.84,38.51,38.59,1719564
1734,2024-12-10,38.68,39.13,38.63,38.63,1945190
1735,2024-12-11,38.8,38.84,38.43,38.51,1287841
1736,2024-12-12,38.59,38.96,38.51,38.51,1936826
1737,2024-12-13,38.47,38.68,38.34,38.34,1383716
1738,2024-12-16,38.84,39.05,38.59,38.63,3249666
1739,2024-12-17,38.84,38.96,38.51,38.51,2250022
1740,2024-12-18,38.72,38.84,38.59,38.72,1662684
1741,2024-12-19,38.55,38.63,38.34,38.39,2707866
1742,2024-12-20,38.43,38.59,38.3,38.39,2994624
1743,2024-12-23,38.9,39.0,38.5,38.6,2899478
1744,2024-12-24,38.7,38.85,38.05,38.1,3219399
1745,2024-12-25,38.2,39.8,38.1,38.65,5281584
1746,2024-12-26,38.95,39.35,38.8,39.0,3886725
1747,2024-12-27,39.25,39.5,39.1,39.15,2862726
1748,2024-12-30,39.1,39.15,38.25,38.25,4013327
1749,2024-12-31,38.5,38.75,37.55,37.55,3418064
