,time,open,high,low,close,volume,
0,1/2/2018,17.56,18.33,17.53,18.33,5022160,
1,1/3/2018,18.54,18.61,18.24,18.33,2829930,
2,1/4/2018,18.39,18.7,18.36,18.7,2784800,
3,1/5/2018,18.7,18.73,18.36,18.39,2851450,
4,1/8/2018,18.27,18.67,18.18,18.67,2529030,
5,1/9/2018,18.7,19.1,18.48,19.03,4010010,
6,1/10/2018,19,19.31,18.73,18.85,2610670,
7,1/11/2018,18.73,18.97,18.61,18.85,2420150,
8,1/12/2018,18.94,19,18.45,18.45,2824950,
9,1/15/2018,18.42,18.76,18.3,18.7,2296030,
10,1/16/2018,18.67,18.85,18.48,18.7,1512380,
11,1/17/2018,18.7,18.73,18.08,18.08,2259230,
12,1/18/2018,17.87,18.08,17.66,18.08,3314290,
13,1/19/2018,18.08,18.33,18.05,18.05,2002690,
14,1/22/2018,18.24,18.85,18.21,18.67,2509650,
15,1/23/2018,18.67,18.67,18.67,18.67,0,
16,1/24/2018,18.67,18.67,18.67,18.67,0,
17,1/25/2018,18.85,19.19,18.67,18.73,5368250,
18,1/26/2018,19,19,18.54,18.64,1631780,
19,1/29/2018,18.67,18.97,18.36,18.48,1335440,
20,1/30/2018,18.33,19.62,18.24,19.62,4719350,
21,1/31/2018,19.86,20.08,19.28,19.28,3988780,
22,2/1/2018,19.28,19.46,18.88,18.88,2086500,
23,2/2/2018,18.88,18.94,18.54,18.7,1671290,
24,2/5/2018,18.42,18.64,17.5,17.5,3754890,
25,2/6/2018,16.31,17.32,16.31,16.61,5312890,
26,2/7/2018,17.47,17.56,17.16,17.35,1872960,
27,2/8/2018,17.16,17.47,16.86,16.92,1709000,
28,2/9/2018,16.09,16.86,16.09,16.86,2139970,
29,2/12/2018,17.26,17.5,16.7,17.5,1166010,
30,2/13/2018,17.84,18.18,17.72,18.08,1448350,
31,2/21/2018,18.42,18.48,18.08,18.21,1574450,
32,2/22/2018,18.18,18.24,17.84,17.9,1433060,
33,2/23/2018,17.93,18.57,17.93,18.54,1607200,
34,2/26/2018,18.7,18.94,18.51,18.51,2467750,
35,2/27/2018,18.61,18.64,18.24,18.33,1415610,
36,2/28/2018,18.15,18.51,18.11,18.33,1835710,
37,3/1/2018,18.21,18.76,18.11,18.64,2114250,
38,3/2/2018,18.54,18.79,18.39,18.73,1840930,
39,3/5/2018,18.79,19.77,18.79,18.85,6025340,
40,3/6/2018,19.16,19.4,18.91,19.4,2577540,
41,3/7/2018,19.46,19.52,18.85,19.07,2000410,
42,3/8/2018,19,19.16,18.79,19.07,1316600,
43,3/9/2018,19.22,19.34,18.85,18.88,2068410,
44,3/12/2018,19,19.19,18.82,18.82,1611250,
45,3/13/2018,18.76,18.76,18.21,18.42,4159670,
46,3/14/2018,18.42,18.64,18.21,18.64,2070230,
47,3/15/2018,18.7,18.73,18.48,18.57,1189330,
48,3/16/2018,18.57,18.64,18.3,18.42,1426890,
49,3/19/2018,18.45,18.57,18.36,18.54,1337110,
50,3/20/2018,18.45,19.1,18.39,18.79,2921440,
51,3/21/2018,18.79,18.94,18.7,18.7,999470,
52,3/22/2018,18.7,18.82,18.42,18.42,1264760,
53,3/23/2018,18.08,18.27,17.78,17.96,2833670,
54,3/26/2018,17.96,18.21,17.96,18.15,940840,
55,3/27/2018,18.36,18.42,18.08,18.24,993260,
56,3/28/2018,18.11,18.21,18.02,18.05,660440,
57,3/29/2018,18.21,18.3,18.08,18.24,827280,
58,3/30/2018,18.27,18.79,18.21,18.61,2434830,
59,4/2/2018,18.85,18.91,18.7,18.85,2194820,
60,4/3/2018,18.76,18.82,18.67,18.76,1140770,
61,4/4/2018,19,19.25,18.88,18.91,2297950,
62,4/5/2018,19,19.52,18.85,19.31,2874100,
63,4/6/2018,19.68,19.71,19.22,19.22,3614250,
64,4/9/2018,19.19,19.49,19.19,19.43,1502210,
65,4/10/2018,19.49,19.98,19.46,19.74,4490010,
66,4/11/2018,19.86,20.05,19.31,19.31,3296390,
67,4/12/2018,19.31,19.49,19.03,19.49,1321110,
68,4/13/2018,19.59,19.59,19,19,2146710,
69,4/16/2018,19,19.13,18.67,18.73,1181050,
70,4/17/2018,18.85,19,18.67,19,1105060,
71,4/18/2018,19.1,19.28,18.97,19,1247240,
72,4/19/2018,19,19.03,18.61,18.61,2377390,
73,4/20/2018,18.7,18.85,18.48,18.79,972550,
74,4/23/2018,18.79,18.91,17.53,17.78,1461440,
75,4/24/2018,17.59,17.93,17.2,17.29,1850860,
76,4/26/2018,17.44,17.69,16.86,16.86,2031810,
77,4/27/2018,16.86,17.59,16.83,17.47,1597710,
78,5/2/2018,17.72,17.78,17.41,17.47,1370180,
79,5/3/2018,17.41,17.78,17.07,17.78,2162850,
80,5/4/2018,17.93,18.08,17.84,18.02,1171180,
81,5/7/2018,18.02,18.27,17.96,18.27,878040,
82,5/8/2018,18.15,18.27,18.02,18.08,1114210,
83,5/9/2018,17.96,18.11,17.81,17.9,1004740,
84,5/10/2018,17.9,18.21,17.78,17.87,1546130,
85,5/11/2018,17.78,18.24,17.78,18.24,1169610,
86,5/14/2018,18.42,18.91,18.27,18.88,2012550,
87,5/15/2018,19,19,18.7,18.82,910810,
88,5/16/2018,18.7,18.82,18.54,18.54,672930,
89,5/17/2018,18.51,18.82,18.51,18.57,719700,
90,5/18/2018,18.57,18.7,18.02,18.64,979930,
91,5/21/2018,18.76,19.13,18.7,18.7,1483830,
92,5/22/2018,18.7,18.85,18.24,18.3,1101490,
93,5/23/2018,18.39,18.7,18.24,18.57,1077080,
94,5/24/2018,18.67,18.76,18.24,18.24,1035660,
95,5/25/2018,18.44,18.44,17.68,17.68,788360,
96,5/28/2018,17.07,17.43,16.45,16.45,2034970,
97,5/29/2018,16.45,17.43,16.22,17.14,2350500,
98,5/30/2018,17.1,17.1,16.42,16.44,1590980,
99,5/31/2018,16.29,16.89,16.27,16.63,1105040,
100,6/1/2018,16.63,16.89,16.53,16.8,1291490,
101,6/4/2018,16.82,17.16,16.76,17.09,1150670,
102,6/5/2018,17.18,17.39,17.07,17.29,1347750,
103,6/6/2018,17.36,17.54,17.1,17.54,1017540,
104,6/7/2018,17.68,17.68,17.25,17.29,1138280,
105,6/8/2018,17.32,17.43,17.18,17.34,1050890,
106,6/11/2018,17.27,17.34,17.18,17.18,721890,
107,6/12/2018,17.18,17.18,16.53,16.74,1257200,
108,6/13/2018,16.63,16.96,16.63,16.92,452120,
109,6/14/2018,17,17.09,16.85,16.85,460360,
110,6/15/2018,16.74,16.89,16.73,16.82,442100,
111,6/18/2018,16.96,16.96,16.42,16.42,693660,
112,6/19/2018,16.31,16.31,15.44,16.09,2015520,
113,6/20/2018,16.24,16.42,15.91,16.42,650560,
114,6/21/2018,16.42,16.42,15.95,16.06,349770,
115,6/22/2018,16.02,16.27,15.88,16.27,375270,
116,6/25/2018,16.42,16.42,16.24,16.31,511540,
117,6/26/2018,16.09,16.2,16.02,16.09,240850,
118,6/27/2018,16.24,16.24,16,16.02,256990,
119,6/28/2018,16.02,16.02,15.37,15.37,1175250,
120,6/29/2018,15.37,15.55,15.01,15.01,759780,
121,7/2/2018,15.01,15.15,14.46,14.54,979030,
122,7/3/2018,14.54,14.7,14.1,14.1,1351030,
123,7/4/2018,14.12,14.46,13.92,14.46,980200,
124,7/5/2018,14.46,14.5,13.92,14.28,711240,
125,7/6/2018,14.1,15.08,14.07,14.75,913260,
126,7/9/2018,14.83,14.95,14.39,14.52,583920,
127,7/10/2018,14.57,14.72,14.46,14.61,249100,
128,7/11/2018,14.28,14.46,13.96,14.18,801770,
129,7/12/2018,13.96,14.34,13.92,14.03,684480,
130,7/13/2018,14.28,14.75,14.21,14.68,1060620,
131,7/16/2018,14.86,15.01,14.7,14.79,645230,
132,7/17/2018,14.72,15.15,14.66,15.15,1297460,
133,7/18/2018,15.19,15.51,15.15,15.51,1096080,
134,7/19/2018,15.26,15.51,15.26,15.37,753150,
135,7/20/2018,15.3,15.3,14.92,15.04,851350,
136,7/23/2018,15.26,15.44,15.13,15.19,1111700,
137,7/24/2018,15.19,15.35,14.97,15.26,1167460,
138,7/25/2018,15.3,15.84,15.26,15.33,1326030,
139,7/26/2018,15.44,15.55,15.22,15.39,717640,
140,7/27/2018,15.51,15.88,15.39,15.66,1291840,
141,7/30/2018,15.69,15.73,15.62,15.66,1197220,
142,7/31/2018,15.66,15.73,15.48,15.48,1591210,
143,8/1/2018,15.44,15.57,15.15,15.19,2431450,
144,8/2/2018,15.19,15.44,15.04,15.44,726710,
145,8/3/2018,15.55,15.59,15.33,15.41,719840,
146,8/6/2018,15.33,15.44,15.28,15.28,350030,
147,8/7/2018,15.3,15.3,15.1,15.17,645810,
148,8/8/2018,15.17,15.41,15.15,15.37,764020,
149,8/9/2018,15.55,15.62,15.39,15.48,1232720,
150,8/10/2018,15.48,15.71,15.44,15.59,797270,
151,8/13/2018,15.59,15.8,15.59,15.71,1038760,
152,8/14/2018,15.82,16.04,15.77,16.02,1601310,
153,8/15/2018,16.02,16.16,15.8,15.84,1658080,
154,8/16/2018,15.88,15.91,15.71,15.91,1378580,
155,8/17/2018,15.99,16.1,15.91,16.1,928050,
156,8/20/2018,16.1,16.39,15.97,16.17,955270,
157,8/21/2018,16.13,16.21,16.06,16.17,720470,
158,8/22/2018,16.19,16.39,16.17,16.3,1152700,
159,8/23/2018,16.32,16.47,16.32,16.43,1004880,
160,8/24/2018,16.43,16.47,16.25,16.45,629740,
161,8/27/2018,16.39,16.47,16.36,16.43,808140,
162,8/28/2018,16.39,16.45,16.3,16.36,909720,
163,8/29/2018,16.34,16.43,16.26,16.36,775370,
164,8/30/2018,16.36,16.36,16.26,16.34,632170,
165,8/31/2018,16.34,16.62,16.32,16.36,1027280,
166,9/4/2018,16.32,16.54,16.28,16.32,634400,
167,9/5/2018,16.3,16.36,15.91,16.02,843460,
168,9/6/2018,15.95,16.02,15.67,15.67,1206190,
169,9/7/2018,15.73,15.91,15.67,15.91,508770,
170,9/10/2018,15.99,15.99,15.75,15.75,367280,
171,9/11/2018,15.75,15.99,15.75,15.97,562280,
172,9/12/2018,16.1,16.17,15.93,15.93,477500,
173,9/13/2018,16.17,16.25,15.99,16.06,646170,
174,9/14/2018,16.13,16.54,16.13,16.49,2772660,
175,9/17/2018,16.47,16.47,16.32,16.32,564810,
176,9/18/2018,16.17,16.58,16.17,16.58,799660,
177,9/19/2018,16.65,16.89,16.58,16.82,1352060,
178,9/20/2018,16.67,17.1,16.67,16.99,1126260,
179,9/21/2018,17.04,17.04,16.73,16.99,1327270,
180,9/24/2018,16.99,17.21,16.95,17.06,991190,
181,9/25/2018,17.02,17.06,16.95,16.99,746530,
182,9/26/2018,17.02,17.32,16.97,17.04,1028940,
183,9/27/2018,17.04,17.21,17.04,17.1,750790,
184,9/28/2018,17.21,17.21,17.12,17.13,559790,
185,10/1/2018,17.13,17.19,17,17.02,519760,
186,10/2/2018,16.97,17.02,16.75,16.76,854660,
187,10/3/2018,16.76,16.91,16.75,16.84,373060,
188,10/4/2018,16.84,17.02,16.8,16.97,471280,
189,10/5/2018,17,17.02,16.86,16.87,508450,
190,10/8/2018,16.84,16.84,16.65,16.65,511810,
191,10/9/2018,16.65,16.71,16.54,16.54,399440,
192,10/10/2018,16.54,16.8,16.54,16.76,695690,
193,10/11/2018,16.28,16.43,15.65,15.8,2177930,
194,10/12/2018,15.73,16.28,15.43,16.21,1377940,
195,10/15/2018,16.21,16.28,15.91,15.91,495650,
196,10/16/2018,16.1,16.1,15.8,16.01,603710,
197,10/17/2018,16.21,16.28,16.1,16.13,474320,
198,10/18/2018,16.17,16.28,16.06,16.13,710630,
199,10/19/2018,15.91,16.1,15.88,15.91,925420,
200,10/22/2018,16.06,16.17,15.95,15.97,429360,
201,10/23/2018,15.97,15.97,15.39,15.62,1150850,
202,10/24/2018,15.56,15.75,15.47,15.47,562380,
203,10/25/2018,14.8,15.28,14.8,15.19,757730,
204,10/26/2018,15.36,15.45,15.1,15.1,919770,
205,10/29/2018,14.99,15.34,14.99,15.17,462380,
206,10/30/2018,15.21,15.47,15.12,15.17,452630,
207,10/31/2018,15.45,15.54,15.28,15.52,325140,
208,11/1/2018,15.56,15.69,15.51,15.51,469760,
209,11/2/2018,15.67,15.91,15.56,15.88,593810,
210,11/5/2018,15.76,15.91,15.62,15.75,265620,
211,11/6/2018,15.8,15.82,15.58,15.6,470930,
212,11/7/2018,15.6,15.73,15.41,15.49,495560,
213,11/8/2018,15.64,15.69,15.52,15.6,352130,
214,11/9/2018,15.47,15.58,15.25,15.27,635120,
215,11/12/2018,15.25,15.52,15.23,15.52,273110,
216,11/13/2018,15.25,15.45,15.25,15.41,438030,
217,11/14/2018,15.51,15.64,15.39,15.64,752440,
218,11/15/2018,15.54,15.69,15.43,15.62,498790,
219,11/16/2018,15.73,15.88,15.64,15.82,639910,
220,11/19/2018,15.91,15.99,15.84,15.97,396020,
221,11/20/2018,15.99,16.06,15.86,16.06,550140,
222,11/21/2018,15.84,16.06,15.8,16.06,513360,
223,11/22/2018,16.06,16.13,16.01,16.06,323300,
224,11/23/2018,15.95,16.08,15.91,15.93,346060,
225,11/26/2018,15.93,15.93,15.71,15.71,483470,
226,11/27/2018,15.88,15.88,15.73,15.82,341670,
227,11/28/2018,15.82,15.86,15.75,15.84,256240,
228,11/29/2018,16.02,16.1,15.88,15.88,523610,
229,11/30/2018,15.88,15.89,15.78,15.88,323780,
230,12/3/2018,15.99,16.62,15.99,16.62,1136360,
231,12/4/2018,16.62,16.84,16.56,16.63,1011170,
232,12/5/2018,16.45,16.63,16.43,16.5,605880,
233,12/6/2018,16.47,16.58,16.3,16.43,484120,
234,12/7/2018,16.5,16.78,16.5,16.69,763170,
235,12/10/2018,16.58,16.65,16.36,16.36,694990,
236,12/11/2018,16.39,16.47,16.25,16.3,382700,
237,12/12/2018,16.3,16.49,16.3,16.45,664120,
238,12/13/2018,16.63,16.75,16.47,16.5,780570,
239,12/14/2018,16.5,16.58,16.32,16.34,787920,
240,12/17/2018,16.32,16.32,15.91,15.91,777640,
241,12/18/2018,15.67,15.84,15.49,15.54,1125660,
242,12/19/2018,15.54,15.76,15.49,15.58,471580,
243,12/20/2018,15.65,15.69,15.56,15.56,461210,
244,12/21/2018,15.51,15.73,15.51,15.73,453810,
245,12/24/2018,15.76,15.84,15.54,15.54,212530,
246,12/25/2018,15.32,15.36,15.17,15.36,732310,
247,12/26/2018,15.36,15.49,15.32,15.32,333590,
248,12/27/2018,15.58,15.64,15.47,15.47,454860,
249,12/28/2018,15.56,15.62,15.47,15.62,387170,
250,1/2/2019,15.47,15.6,15.23,15.25,459120,
251,1/3/2019,15.34,15.34,15.06,15.1,716600,
252,1/4/2019,15.02,15.34,14.99,15.21,318570,
253,1/7/2019,15.47,15.58,15.39,15.47,408470,
254,1/8/2019,15.47,15.54,15.43,15.54,295660,
255,1/9/2019,15.58,15.76,15.51,15.69,309040,
256,1/10/2019,15.69,15.75,15.6,15.6,207330,
257,1/11/2019,15.69,15.75,15.56,15.62,596090,
258,1/14/2019,15.65,15.76,15.54,15.73,398400,
259,1/15/2019,15.65,15.84,15.65,15.84,339480,
260,1/16/2019,15.91,15.91,15.75,15.75,186590,
261,1/17/2019,15.73,15.82,15.54,15.54,379770,
262,1/18/2019,15.58,15.73,15.54,15.54,227150,
263,1/21/2019,15.62,15.84,15.62,15.73,247800,
264,1/22/2019,15.73,15.82,15.67,15.67,141480,
265,1/23/2019,15.65,15.69,15.6,15.67,193460,
266,1/24/2019,15.69,15.76,15.67,15.71,234470,
267,1/25/2019,15.69,15.76,15.65,15.69,213470,
268,1/28/2019,15.73,15.73,15.58,15.58,216330,
269,1/29/2019,15.69,15.73,15.54,15.73,430580,
270,1/30/2019,15.73,16.06,15.69,15.99,689260,
271,1/31/2019,16.02,16.06,15.88,15.99,517260,
272,2/1/2019,15.99,15.99,15.36,15.76,599890,
273,2/11/2019,15.91,16.39,15.8,16.34,1000430,
274,2/12/2019,16.28,16.5,16.25,16.25,701570,
275,2/13/2019,16.28,16.65,16.28,16.49,1125370,
276,2/14/2019,16.52,16.62,16.38,16.38,616980,
277,2/15/2019,16.38,16.45,16.28,16.36,647230,
278,2/18/2019,16.47,16.5,16.32,16.43,306310,
279,2/19/2019,16.54,16.71,16.39,16.43,1470880,
280,2/20/2019,16.39,16.67,16.39,16.6,499430,
281,2/21/2019,16.54,16.62,16.39,16.58,749950,
282,2/22/2019,16.58,16.8,16.43,16.73,1243720,
283,2/25/2019,16.86,17.1,16.82,16.84,1023660,
284,2/26/2019,16.87,16.87,16.65,16.73,663220,
285,2/27/2019,16.73,16.82,16.62,16.69,485650,
286,2/28/2019,16.69,16.69,16.36,16.36,1372190,
287,3/1/2019,16.49,16.5,16.34,16.5,590780,
288,3/4/2019,16.5,16.73,16.5,16.65,806770,
289,3/5/2019,16.65,16.73,16.58,16.62,824300,
290,3/6/2019,16.63,16.69,16.45,16.5,695230,
291,3/7/2019,16.5,16.65,16.5,16.56,374340,
292,3/8/2019,16.54,16.58,16.45,16.52,693180,
293,3/11/2019,16.52,16.6,16.45,16.47,364520,
294,3/12/2019,16.56,17.21,16.56,17.21,1930870,
295,3/13/2019,17.21,17.28,17.1,17.1,1001890,
296,3/14/2019,17.1,17.21,17.02,17.15,510200,
297,3/15/2019,17.12,17.13,16.93,17.02,1041840,
298,3/18/2019,17.13,17.19,17,17.1,994080,
299,3/19/2019,17.1,17.13,16.91,16.91,914720,
300,3/20/2019,16.87,16.99,16.75,16.82,797270,
301,3/21/2019,16.95,16.95,16.69,16.69,825740,
302,3/22/2019,16.69,16.8,16.67,16.67,687690,
303,3/25/2019,16.36,16.65,16.36,16.43,633520,
304,3/26/2019,16.65,16.65,16.47,16.56,386120,
305,3/27/2019,16.58,16.69,16.58,16.65,589040,
306,3/28/2019,16.56,16.78,16.56,16.71,362360,
307,3/29/2019,16.87,16.87,16.76,16.84,446750,
308,4/1/2019,16.99,16.99,16.84,16.95,327500,
309,4/2/2019,16.95,17.28,16.95,17.02,1354480,
310,4/3/2019,17.17,17.47,17.02,17.47,1034100,
311,4/4/2019,17.58,17.84,17.49,17.69,1716130,
312,4/5/2019,17.69,17.73,17.56,17.69,615200,
313,4/8/2019,17.63,17.76,17.56,17.69,452660,
314,4/9/2019,17.69,17.95,17.5,17.5,1011680,
315,4/10/2019,17.39,17.5,17.3,17.36,731100,
316,4/11/2019,17.36,17.58,17.34,17.39,359910,
317,4/12/2019,17.34,17.91,17.34,17.84,875090,
318,4/16/2019,17.58,17.84,17.58,17.73,907000,
319,4/17/2019,17.87,18.32,17.84,17.95,1959530,
320,4/18/2019,17.95,18.23,17.78,17.95,975930,
321,4/19/2019,18.02,18.1,17.91,17.93,453980,
322,4/22/2019,17.95,17.95,17.69,17.73,826090,
323,4/23/2019,17.73,17.93,17.58,17.73,549400,
324,4/24/2019,17.95,18,17.8,17.97,855130,
325,4/25/2019,17.95,18.19,17.93,18.06,970660,
326,4/26/2019,18.1,18.41,18.06,18.34,864950,
327,5/2/2019,18.43,18.58,18.37,18.45,885020,
328,5/3/2019,18.47,18.5,18.36,18.5,1059570,
329,5/6/2019,18.13,18.28,17.93,18.04,1455140,
330,5/7/2019,18.17,18.39,18.15,18.39,1094880,
331,5/8/2019,18.24,18.39,18.13,18.37,959020,
332,5/9/2019,18.36,18.37,17.98,17.98,860940,
333,5/10/2019,18.13,18.23,18.04,18.13,1027830,
334,5/13/2019,18.13,18.43,18.13,18.32,850540,
335,5/14/2019,18.28,18.8,18.17,18.58,1560830,
336,5/15/2019,18.69,18.73,18.54,18.65,1539940,
337,5/16/2019,18.65,18.76,18.37,18.37,1891290,
338,5/17/2019,18.69,18.69,18.4,18.47,1487590,
339,5/20/2019,18.49,18.82,18.49,18.8,1792130,
340,5/21/2019,18.9,19.13,18.84,19.07,1016530,
341,5/22/2019,19.09,19.17,18.8,18.8,1563650,
342,5/23/2019,18.8,19.03,18.78,18.98,1267520,
343,5/24/2019,18.9,19.09,18.8,18.94,1014750,
344,5/27/2019,18.82,18.88,18.55,18.8,1261950,
345,5/28/2019,18.69,18.86,18.59,18.63,518470,
346,5/29/2019,18.63,18.63,18.28,18.32,1505300,
347,5/30/2019,18.32,18.57,18.24,18.51,986450,
348,5/31/2019,18.53,18.61,18.32,18.32,611860,
349,6/3/2019,18.28,18.32,18.07,18.07,881810,
350,6/4/2019,18.07,18.15,17.97,17.99,537160,
351,6/5/2019,18.07,18.24,18.07,18.11,500100,
352,6/6/2019,18.2,18.57,18.11,18.49,922740,
353,6/7/2019,18.61,18.8,18.57,18.78,1304680,
354,6/10/2019,18.9,18.98,18.61,18.74,1227340,
355,6/11/2019,18.74,18.94,18.65,18.78,1296500,
356,6/12/2019,18.78,18.94,18.69,18.71,1284520,
357,6/13/2019,18.71,18.74,18.49,18.51,856270,
358,6/14/2019,18.53,18.65,18.44,18.44,559800,
359,6/17/2019,18.32,18.49,18.24,18.3,1013550,
360,6/18/2019,18.42,18.47,18.17,18.3,763680,
361,6/19/2019,18.4,18.57,18.36,18.55,530820,
362,6/20/2019,18.63,18.86,18.55,18.86,1356030,
363,6/21/2019,18.9,18.94,18.8,18.86,872460,
364,6/24/2019,18.86,18.88,18.76,18.76,726160,
365,6/25/2019,18.69,19.34,18.61,19.32,3269450,
366,6/26/2019,19.32,19.32,19.15,19.17,1014470,
367,6/27/2019,19.13,19.15,18.82,18.86,1221860,
368,6/28/2019,18.86,19.11,18.65,18.9,2479220,
369,7/1/2019,19.11,19.57,19.07,19.57,2551280,
370,7/2/2019,19.52,19.73,19.38,19.48,1600280,
371,7/3/2019,19.4,19.48,19.34,19.44,1275860,
372,7/4/2019,19.52,19.61,19.44,19.5,1275800,
373,7/5/2019,19.44,19.52,19.28,19.36,1137770,
374,7/8/2019,19.32,19.48,19.13,19.23,1303050,
375,7/9/2019,19.23,19.46,19.15,19.42,992570,
376,7/10/2019,19.5,19.71,19.44,19.55,1281980,
377,7/11/2019,19.59,19.63,19.44,19.52,854140,
378,7/12/2019,19.57,19.71,19.44,19.52,1241970,
379,7/15/2019,19.5,19.75,19.46,19.65,1176060,
380,7/16/2019,19.67,19.86,19.63,19.65,1160000,
381,7/17/2019,19.65,19.73,19.52,19.55,1292630,
382,7/18/2019,19.52,19.57,19.44,19.44,1035440,
383,7/19/2019,19.5,20.07,19.48,20.02,2811560,
384,7/22/2019,20.02,20.21,19.92,20.09,1755780,
385,7/23/2019,20.15,20.27,19.98,20.27,948550,
386,7/24/2019,20.5,20.52,20.19,20.19,1952770,
387,7/25/2019,20.19,20.34,20.15,20.21,1157100,
388,7/26/2019,20.15,20.27,20.09,20.27,1043020,
389,7/29/2019,20.27,20.27,20.02,20.19,1130450,
390,7/30/2019,20.19,20.19,19.82,19.86,2092220,
391,7/31/2019,19.86,20.11,19.73,20.11,1111880,
392,8/1/2019,20.11,20.19,20.02,20.09,965060,
393,8/2/2019,19.96,20.36,19.88,20.27,1451900,
394,8/5/2019,20.36,20.69,20.27,20.36,2322100,
395,8/6/2019,20.02,20.48,20.02,20.34,1304570,
396,8/7/2019,20.36,20.67,20.34,20.67,1246410,
397,8/8/2019,20.71,21.02,20.71,20.9,2085510,
398,8/9/2019,20.9,21.35,20.77,21.23,1751680,
399,8/12/2019,21.23,21.85,21.06,21.73,1817920,
400,8/13/2019,21.64,22.1,21.48,21.81,2237980,
401,8/14/2019,22.02,22.31,21.93,22.1,2205370,
402,8/15/2019,21.97,22.44,21.76,22.44,2223880,
403,8/16/2019,22.44,23.33,22.02,22.02,4531020,
404,8/19/2019,22.02,22.31,21.68,22.19,2849780,
405,8/20/2019,22.19,22.86,22.19,22.86,2277750,
406,8/21/2019,22.91,23.07,22.61,22.69,1808020,
407,8/22/2019,22.69,22.99,22.4,22.44,1892640,
408,8/23/2019,22.48,23.03,22.27,23.03,1868200,
409,8/26/2019,22.65,22.95,22.65,22.74,1756160,
410,8/27/2019,22.86,22.99,22.35,22.35,1566370,
411,8/28/2019,22.44,22.52,22.06,22.06,1537860,
412,8/29/2019,22.1,22.35,21.97,22.31,972940,
413,8/30/2019,22.44,22.61,22.4,22.48,708360,
414,9/3/2019,22.44,22.86,22.44,22.74,1360230,
415,9/4/2019,22.74,22.95,22.44,22.52,1655300,
416,9/5/2019,22.61,22.65,22.27,22.27,1243680,
417,9/6/2019,22.4,22.52,22.14,22.4,1142710,
418,9/9/2019,22.44,23.03,22.23,22.78,2507800,
419,9/10/2019,22.95,23.03,22.69,22.86,1731610,
420,9/11/2019,22.86,22.95,22.61,22.91,1179670,
421,9/12/2019,23.03,23.92,23.03,23.92,3799910,
422,9/13/2019,23.92,24.3,23.84,24.05,2123900,
423,9/16/2019,24.09,24.56,24.01,24.43,1339560,
424,9/17/2019,24.26,24.6,24.18,24.39,1194690,
425,9/18/2019,24.51,24.51,23.84,23.88,2592910,
426,9/19/2019,23.96,24.47,23.79,24.47,1432730,
427,9/20/2019,24.43,24.9,24.39,24.64,1396120,
428,9/23/2019,24.56,24.68,23.92,23.92,2313090,
429,9/24/2019,23.88,24.13,23.62,23.79,2537600,
430,9/25/2019,23.84,24.3,23.75,24.3,1442410,
431,9/26/2019,24.43,24.56,24.22,24.43,992640,
432,9/27/2019,24.39,24.9,24.3,24.77,2510520,
433,9/30/2019,25.11,25.19,24.43,24.43,2199170,
434,10/1/2019,24.43,24.77,24.39,24.77,1644130,
435,10/2/2019,24.77,24.81,24.22,24.22,2439020,
436,10/3/2019,23.96,24.3,23.88,24.22,2804850,
437,10/4/2019,24.34,24.34,24.01,24.05,1271210,
438,10/7/2019,24.05,24.22,23.5,23.5,2371810,
439,10/8/2019,23.5,23.79,23.37,23.75,1337220,
440,10/9/2019,23.84,24.13,23.62,23.88,937530,
441,10/10/2019,23.96,24.13,23.88,23.88,808000,
442,10/11/2019,24.01,24.09,23.88,23.92,794420,
443,10/14/2019,24.13,24.64,24.05,24.43,2231030,
444,10/15/2019,24.47,24.47,24.3,24.3,663910,
445,10/16/2019,24.47,24.56,24.3,24.34,829050,
446,10/17/2019,24.3,24.34,23.96,24.01,1621590,
447,10/18/2019,24.05,24.39,23.96,24.18,1447340,
448,10/21/2019,24.3,24.3,23.84,23.92,1260490,
449,10/22/2019,23.92,23.96,23.58,23.84,1534380,
450,10/23/2019,23.71,24.13,23.71,23.88,747810,
451,10/24/2019,24.05,24.64,23.88,24.64,2233890,
452,10/25/2019,24.68,24.77,24.43,24.56,1355310,
453,10/28/2019,24.56,24.9,24.47,24.6,1494820,
454,10/29/2019,24.64,24.68,24.47,24.51,953020,
455,10/30/2019,24.51,24.6,24.39,24.47,1102070,
456,10/31/2019,24.56,24.85,24.47,24.51,1263390,
457,11/1/2019,24.56,24.85,24.39,24.77,1732950,
458,11/4/2019,24.85,25.61,24.85,25.36,5811560,
459,11/5/2019,25.45,25.45,25.15,25.32,1239520,
460,11/6/2019,25.32,25.57,25.19,25.19,1551610,
461,11/7/2019,25.19,25.36,25.06,25.19,1438030,
462,11/8/2019,25.32,25.32,25.06,25.23,1219540,
463,11/11/2019,25.28,25.66,25.19,25.4,2180490,
464,11/12/2019,25.4,25.95,25.4,25.83,2842650,
465,11/13/2019,25.91,25.95,25.61,25.61,1333940,
466,11/14/2019,25.61,25.83,24.34,24.68,4799390,
467,11/15/2019,24.68,24.9,24.43,24.81,2568040,
468,11/18/2019,24.73,24.9,24.18,24.34,2794920,
469,11/19/2019,24.34,24.68,24.34,24.68,1059770,
470,11/20/2019,24.64,24.64,23.96,24.05,2291760,
471,11/21/2019,24.05,24.18,23.67,23.71,3303950,
472,11/22/2019,23.84,24.18,23.5,23.71,1625820,
473,11/25/2019,23.75,24.13,23.62,23.96,1087990,
474,11/26/2019,24.13,24.22,24.05,24.18,968690,
475,11/27/2019,24.22,24.3,24.09,24.13,812280,
476,11/28/2019,24.09,24.09,23.62,23.71,1370820,
477,11/29/2019,23.71,24.05,23.62,23.88,739370,
478,12/2/2019,23.92,23.92,23.12,23.12,1992380,
479,12/3/2019,22.95,23.37,22.57,23.07,1619120,
480,12/4/2019,23.07,23.5,22.86,23.46,932130,
481,12/5/2019,23.5,23.62,23.2,23.24,1144000,
482,12/6/2019,23.29,23.46,23.16,23.29,556160,
483,12/9/2019,23.37,23.62,23.29,23.41,700960,
484,12/10/2019,23.41,23.62,23.2,23.5,797100,
485,12/11/2019,23.5,23.96,23.37,23.92,877960,
486,12/12/2019,24.05,24.22,24.01,24.13,942410,
487,12/13/2019,24.22,24.34,24.09,24.18,1681700,
488,12/16/2019,24.18,24.18,23.88,23.92,968130,
489,12/17/2019,23.79,23.88,23.33,23.46,2211360,
490,12/18/2019,23.46,23.71,23.29,23.5,1022490,
491,12/19/2019,23.5,23.79,23.46,23.62,817820,
492,12/20/2019,23.71,24.01,23.62,23.92,777100,
493,12/23/2019,24.09,24.13,23.71,23.75,766000,
494,12/24/2019,23.88,23.92,23.75,23.88,692100,
495,12/25/2019,23.88,24.51,23.88,24.34,1604350,
496,12/26/2019,24.47,24.6,24.3,24.3,1124500,
497,12/27/2019,24.3,24.47,24.05,24.39,1004860,
498,12/30/2019,24.47,24.94,24.39,24.81,2881060,
499,12/31/2019,24.81,24.85,24.56,24.68,689030,
500,1/2/2020,24.68,24.98,24.56,24.81,896720,
501,1/3/2020,24.94,25.02,24.3,24.39,2047880,
502,1/6/2020,24.18,24.39,24.05,24.13,1091660,
503,1/7/2020,24.26,24.6,24.13,24.6,837240,
504,1/8/2020,24.34,24.43,24.05,24.05,1814290,
505,1/9/2020,24.26,24.43,24.18,24.39,967050,
506,1/10/2020,24.34,24.47,24.18,24.34,1018650,
507,1/13/2020,24.3,24.39,24.13,24.18,786760,
508,1/14/2020,24.18,24.3,24.13,24.13,721680,
509,1/15/2020,24.13,24.18,24.05,24.13,940870,
510,1/16/2020,24.13,24.64,24.13,24.56,1942970,
511,1/17/2020,24.56,24.6,24.13,24.39,1388810,
512,1/20/2020,24.34,24.56,24.22,24.3,1227100,
513,1/21/2020,24.47,24.56,23.5,23.5,4351820,
514,1/22/2020,23.29,23.92,23.16,23.92,3165650,
515,1/30/2020,23.41,23.62,22.82,23.16,2638460,
516,1/31/2020,22.86,23.24,22.02,22.02,4118150,
517,2/3/2020,21,22.23,20.75,21.8,3602970,
518,2/4/2020,22.19,22.19,21.59,21.93,1651440,
519,2/5/2020,22.14,22.35,22.02,22.02,1648620,
520,2/6/2020,22.23,22.69,21.93,22.69,1708550,
521,2/7/2020,22.44,22.65,22.35,22.57,1218660,
522,2/10/2020,22.19,22.44,22.06,22.27,738090,
523,2/11/2020,22.4,22.74,22.31,22.69,1085380,
524,2/12/2020,22.78,23.16,22.74,22.91,1104870,
525,2/13/2020,22.91,23.07,22.74,22.99,1030570,
526,2/14/2020,22.91,23.07,22.86,23.07,884240,
527,2/17/2020,23.12,23.12,22.86,22.95,726390,
528,2/18/2020,23.03,23.71,22.99,23.71,1760940,
529,2/19/2020,23.67,23.79,23.5,23.58,681250,
530,2/20/2020,23.75,23.88,23.5,23.62,780810,
531,2/21/2020,23.67,23.67,23.16,23.16,1458040,
532,2/24/2020,22.48,22.82,22.23,22.23,2261990,
533,2/25/2020,22.06,22.86,22.02,22.86,1407720,
534,2/26/2020,22.61,23.37,22.44,23.29,3221270,
535,2/27/2020,23.29,23.92,23.12,23.71,2927040,
536,2/28/2020,23.29,23.58,23.12,23.33,2132200,
537,3/2/2020,23.33,23.79,23.2,23.58,1787060,
538,3/3/2020,23.79,24.13,23.58,23.67,1193800,
539,3/4/2020,23.5,23.5,23.24,23.5,1660790,
540,3/5/2020,23.5,23.67,23.12,23.12,1296450,
541,3/6/2020,22.95,22.99,22.65,22.86,1305030,
542,3/9/2020,21.68,22.02,21.3,21.3,4735140,
543,3/10/2020,21.59,22.02,21.3,21.89,2030340,
544,3/11/2020,22.02,22.23,20.96,21.51,2753310,
545,3/12/2020,20.58,20.87,20.03,20.36,3981670,
546,3/13/2020,19.18,21.17,19.14,20.39,2919140,
547,3/16/2020,20.39,21.04,20.11,20.15,1898960,
548,3/17/2020,19.9,20.53,19.69,20.53,2474650,
549,3/18/2020,20.75,20.79,20.47,20.49,1642800,
550,3/19/2020,20.15,20.36,20.15,20.2,1296590,
551,3/20/2020,20.41,20.43,20.05,20.2,1291360,
552,3/23/2020,19.52,19.86,18.8,18.8,2826690,
553,3/24/2020,19.05,19.05,18.42,18.84,2191500,
554,3/25/2020,19.48,19.65,19.12,19.48,2131790,
555,3/26/2020,19.26,19.41,18.71,18.71,2358310,
556,3/27/2020,18.8,18.8,18.16,18.25,2633750,
557,3/30/2020,17.15,17.4,16.98,17.1,2157690,
558,3/31/2020,17.61,17.95,16.98,17.4,1663050,
559,4/1/2020,17.27,18.29,17.27,17.91,1453030,
560,4/3/2020,18.21,18.9,18.08,18.88,2072000,
561,4/6/2020,19.48,20.11,19.26,20.11,2718990,
562,4/7/2020,20.11,20.2,19.69,20.03,2463810,
563,4/8/2020,19.52,19.92,19.37,19.84,1576670,
564,4/9/2020,19.9,20.15,19.69,19.84,2142370,
565,4/10/2020,19.73,19.9,19.43,19.65,1882020,
566,4/13/2020,19.65,19.9,19.52,19.69,1255360,
567,4/14/2020,20.15,20.96,19.9,20.96,4072050,
568,4/15/2020,21.38,21.51,21.11,21.21,2205200,
569,4/16/2020,21.04,21.51,20.87,21.3,1508480,
570,4/17/2020,21.68,21.72,21.25,21.68,2631630,
571,4/20/2020,21.97,22.02,21.47,21.72,2239780,
572,4/21/2020,21.38,21.55,20.7,20.87,3737050,
573,4/22/2020,20.66,21.68,20.62,21.63,2445860,
574,4/23/2020,22.06,22.1,21.59,21.59,1363410,
575,4/24/2020,21.55,21.68,21.21,21.59,1411380,
576,4/27/2020,21.8,21.8,21.38,21.47,1419750,
577,4/28/2020,21.47,21.51,21.25,21.47,974310,
578,4/29/2020,21.51,21.76,21.38,21.51,1349230,
579,5/4/2020,21.25,21.55,21.08,21.38,895530,
580,5/5/2020,21.51,21.59,21.34,21.55,677990,
581,5/6/2020,21.59,22.48,21.59,22.4,3470150,
582,5/7/2020,22.44,22.65,22.19,22.65,2030720,
583,5/8/2020,22.69,23.33,22.69,22.74,3585320,
584,5/11/2020,22.86,23.03,22.57,22.86,2119430,
585,5/12/2020,22.86,23.03,22.69,23.03,2828190,
586,5/13/2020,23.56,24.58,23.51,24.48,6853810,
587,5/14/2020,24.28,24.35,24.06,24.16,2597400,
588,5/15/2020,23.96,24.25,23.68,23.81,2430890,
589,5/18/2020,23.56,23.98,23.51,23.98,2000950,
590,5/19/2020,24.4,24.65,24.11,24.43,2879030,
591,5/20/2020,24.3,24.3,24.08,24.25,1245380,
592,5/21/2020,24.25,24.45,24.23,24.45,2007060,
593,5/22/2020,24.3,24.3,24.03,24.03,1731720,
594,5/25/2020,24.03,24.11,23.71,24.03,2033000,
595,5/26/2020,24.06,24.2,23.98,24.2,1615680,
596,5/27/2020,24.25,24.5,23.81,23.81,2098580,
597,5/28/2020,23.91,24.11,23.81,23.81,1194380,
598,5/29/2020,23.81,23.86,23.56,23.78,1346170,
599,6/1/2020,23.81,23.98,23.81,23.96,1298150,
600,6/2/2020,23.96,24.06,23.81,23.81,1456730,
601,6/3/2020,23.81,24.28,23.76,24.13,1893060,
602,6/4/2020,24.25,24.25,24.01,24.01,1260060,
603,6/5/2020,24.01,24.16,23.88,24.16,1236200,
604,6/8/2020,24.3,24.8,24.3,24.48,4113250,
605,6/9/2020,24.6,24.63,24.25,24.28,1491540,
606,6/10/2020,24.3,24.3,24.01,24.2,1307540,
607,6/11/2020,24.2,24.2,22.82,22.82,4278060,
608,6/12/2020,22.32,23.31,22.32,23.31,3145450,
609,6/15/2020,23.81,23.81,22.77,22.82,1207500,
610,6/16/2020,23.11,23.21,22.96,23.11,1100730,
611,6/17/2020,23.16,23.19,22.94,22.99,788630,
612,6/18/2020,22.96,23.16,22.89,23.11,822980,
613,6/19/2020,23.11,23.31,23.11,23.31,745470,
614,6/22/2020,23.31,23.31,23.24,23.31,787180,
615,6/23/2020,23.29,24.01,23.19,23.58,1693730,
616,6/24/2020,23.76,23.78,23.34,23.41,607000,
617,6/25/2020,23.14,23.36,23.11,23.21,730810,
618,6/26/2020,23.21,23.39,23.16,23.24,602880,
619,6/29/2020,23.11,23.11,22.74,22.84,1281220,
620,6/30/2020,22.89,23.01,22.52,22.64,1594210,
621,7/1/2020,22.82,22.96,22.72,22.92,866660,
622,7/2/2020,22.96,22.96,22.79,22.89,539160,
623,7/3/2020,23.06,23.06,22.87,22.94,529760,
624,7/6/2020,23.06,23.29,22.96,23.21,1089910,
625,7/7/2020,23.31,23.76,23.31,23.54,2739150,
626,7/8/2020,23.46,23.76,23.46,23.66,1472610,
627,7/9/2020,23.76,24.01,23.71,23.98,2298900,
628,7/10/2020,23.86,23.93,23.56,23.71,1164310,
629,7/13/2020,23.81,24.28,23.68,24.13,2662490,
630,7/14/2020,23.96,24.23,23.96,24.08,1549540,
631,7/15/2020,24.18,24.28,24.01,24.11,1516540,
632,7/16/2020,24.08,24.18,24.01,24.11,1060530,
633,7/17/2020,24.06,24.06,23.86,23.86,1313100,
634,7/20/2020,23.86,23.91,23.49,23.51,2049680,
635,7/21/2020,23.56,23.78,23.44,23.71,940230,
636,7/22/2020,23.81,23.81,23.46,23.51,817890,
637,7/23/2020,23.51,23.68,23.36,23.68,918630,
638,7/24/2020,23.51,23.58,22.52,22.77,3170540,
639,7/27/2020,22.32,22.77,21.63,21.68,3274350,
640,7/28/2020,22.02,22.72,21.9,22.67,1953510,
641,7/29/2020,22.02,22.27,21.72,22.1,1554200,
642,7/30/2020,22.12,22.39,22.12,22.39,612240,
643,7/31/2020,21.82,22.42,21.82,22.07,1106250,
644,8/3/2020,22.12,22.77,22.07,22.77,1392200,
645,8/4/2020,23.06,23.21,22.92,23.09,1051310,
646,8/5/2020,23.06,23.39,22.94,23.31,1328520,
647,8/6/2020,23.31,23.44,23.16,23.21,1153660,
648,8/7/2020,23.21,23.71,23.21,23.36,1283690,
649,8/10/2020,23.49,23.71,23.36,23.41,1160370,
650,8/11/2020,23.54,23.54,23.31,23.31,1209690,
651,8/12/2020,23.36,23.56,23.26,23.56,1233230,
652,8/13/2020,23.78,23.78,23.56,23.78,1709100,
653,8/14/2020,23.86,23.91,23.54,23.71,1633770,
654,8/17/2020,23.76,23.81,23.56,23.81,1048820,
655,8/18/2020,23.81,23.89,23.71,23.73,625200,
656,8/19/2020,23.76,23.83,23.63,23.73,877190,
657,8/20/2020,23.76,24.04,23.73,23.83,1824430,
658,8/21/2020,23.94,24.06,23.91,24.01,1260210,
659,8/24/2020,24.29,24.62,24.24,24.54,3540210,
660,8/25/2020,24.62,24.8,24.59,24.75,3304670,
661,8/26/2020,24.72,24.75,24.42,24.52,1328990,
662,8/27/2020,24.44,25.38,24.44,25.25,3724990,
663,8/28/2020,25.43,25.89,25.28,25.28,4009380,
664,8/31/2020,25.28,25.48,25,25.08,1940640,
665,9/1/2020,25.08,25.58,25,25.28,1757410,
666,9/3/2020,25.53,25.58,25.28,25.53,2281510,
667,9/4/2020,25.08,25.33,25.08,25.33,1538510,
668,9/7/2020,25.3,25.33,24.57,24.57,2270970,
669,9/8/2020,24.7,25.08,24.57,25.08,1628870,
670,9/9/2020,24.65,25.08,24.62,24.92,1490820,
671,9/10/2020,25.08,25.23,24.87,24.92,1005950,
672,9/11/2020,24.82,24.92,24.75,24.9,872160,
673,9/14/2020,24.95,25.08,24.87,24.97,1127400,
674,9/15/2020,25.08,25.33,24.97,25.33,1906730,
675,9/16/2020,25.33,25.73,25.33,25.58,1918130,
676,9/17/2020,25.48,25.58,25.28,25.33,1563010,
677,9/18/2020,25.38,26.04,25.33,25.94,3306720,
678,9/21/2020,25.99,26.19,25.94,25.94,1530250,
679,9/22/2020,25.73,25.99,25.63,25.99,1630570,
680,9/23/2020,25.99,26.09,25.73,25.89,1797680,
681,9/24/2020,25.68,25.84,25.43,25.58,1728380,
682,9/25/2020,25.68,25.73,25.33,25.73,1205550,
683,9/28/2020,25.79,25.99,25.63,25.89,1312300,
684,9/29/2020,26.04,26.04,25.43,25.43,1900490,
685,9/30/2020,25.43,25.53,25.2,25.33,2500310,
686,10/1/2020,25.43,25.73,25.43,25.73,905510,
687,10/2/2020,25.73,25.89,24.82,25.48,1947940,
688,10/5/2020,25.53,25.73,25.28,25.58,1498360,
689,10/6/2020,25.73,25.79,25.48,25.58,1520290,
690,10/7/2020,25.43,25.68,25.43,25.53,1493710,
691,10/8/2020,25.58,26.09,25.48,25.89,3062690,
692,10/9/2020,25.84,25.94,25.73,25.73,1173500,
693,10/12/2020,25.79,26.04,25.63,25.79,1550680,
694,10/13/2020,25.79,25.84,25.58,25.68,1222200,
695,10/14/2020,25.73,26.04,25.53,25.84,2409760,
696,10/15/2020,25.94,26.04,25.68,25.94,1925370,
697,10/16/2020,25.94,27.31,25.79,26.95,5769540,
698,10/19/2020,27.15,27.25,26.85,27,2333670,
699,10/20/2020,26.9,27,26.6,26.95,1886160,
700,10/21/2020,26.95,27.61,26.75,26.75,3305010,
701,10/22/2020,26.75,27.36,26.65,27.36,2346540,
702,10/23/2020,27.46,27.61,27.1,27.31,2646310,
703,10/26/2020,27.31,27.61,26.75,26.75,3852510,
704,10/27/2020,26.8,26.95,26.39,26.39,3188810,
705,10/28/2020,26.34,26.55,25.68,25.68,3596230,
706,10/29/2020,25.53,25.99,25.43,25.79,2719690,
707,10/30/2020,26.09,26.09,25.58,26.09,1469970,
708,11/2/2020,26.09,26.19,25.94,26.19,866110,
709,11/3/2020,26.29,26.8,26.19,26.75,2562890,
710,11/4/2020,26.85,27,26.6,26.85,1369690,
711,11/5/2020,26.7,27.05,26.34,26.34,1305860,
712,11/6/2020,26.55,26.75,26.39,26.55,987260,
713,11/9/2020,26.75,27.05,26.7,27.05,2011650,
714,11/10/2020,27.36,27.36,26.85,26.85,1739340,
715,11/11/2020,27.05,27.05,26.7,26.85,1668230,
716,11/12/2020,26.85,27.1,26.8,27.1,1234540,
717,11/13/2020,27.25,27.25,27.1,27.25,1318170,
718,11/16/2020,27.36,27.56,26.85,27,3713690,
719,11/17/2020,27.15,27.41,26.85,27.36,2515530,
720,11/18/2020,27.51,27.51,27.2,27.36,1757160,
721,11/19/2020,27.51,28.37,27.36,27.91,4980430,
722,11/20/2020,27.91,28.32,27.86,27.96,1837360,
723,11/23/2020,27.96,28.47,27.66,28.32,2824640,
724,11/24/2020,28.32,28.62,27.86,28.17,3003940,
725,11/25/2020,28.52,28.52,27.96,27.96,1835630,
726,11/26/2020,28.12,28.37,27.76,28.22,1635130,
727,11/27/2020,28.32,28.47,28.17,28.47,1986420,
728,11/30/2020,28.72,28.72,28.06,28.06,2761700,
729,12/1/2020,27.86,28.06,27.76,27.96,3427370,
730,12/2/2020,27.86,28.22,27.86,28.17,2108200,
731,12/3/2020,28.17,28.22,27.91,28.17,1627980,
732,12/4/2020,28.06,28.32,28.06,28.22,1380920,
733,12/7/2020,28.32,28.37,28.12,28.22,1455180,
734,12/8/2020,28.22,28.67,28.12,28.47,2297110,
735,12/9/2020,28.52,29.28,28.47,29.13,3001820,
736,12/10/2020,28.88,29.23,28.62,28.62,2112490,
737,12/11/2020,28.67,28.88,28.52,28.88,1750270,
738,12/14/2020,28.88,29.38,28.82,28.98,1443760,
739,12/15/2020,29.13,29.18,28.67,28.72,2666900,
740,12/16/2020,28.98,29.13,28.88,28.93,1995530,
741,12/17/2020,28.82,28.93,28.37,28.62,3594500,
742,12/18/2020,28.62,28.93,28.62,28.82,1532820,
743,12/21/2020,29.03,29.28,28.93,29.13,2307390,
744,12/22/2020,29.08,29.64,28.93,29.43,2576390,
745,12/23/2020,29.53,29.69,28.98,29.13,1391420,
746,12/24/2020,29.13,29.28,28.57,28.88,2386210,
747,12/25/2020,28.88,29.18,28.67,29.18,1625110,
748,12/28/2020,29.33,29.69,29.13,29.33,2197090,
749,12/29/2020,29.33,29.79,29.18,29.69,2172950,
750,12/30/2020,29.84,29.84,29.43,29.43,1204180,
751,12/31/2020,29.43,29.99,29.38,29.94,2036370,
752,1/4/2021,30.19,30.5,30.04,30.5,2151300,0
753,1/5/2021,30.4,32.17,30.29,31.76,2332200,1
754,1/6/2021,31.97,32.22,31.56,31.61,1796000,2
755,1/7/2021,31.71,31.86,31.36,31.66,2150200,3
756,1/8/2021,31.91,32.27,31.71,32.07,2720400,4
757,1/11/2021,32.37,32.78,32.07,32.78,1972800,5
758,1/12/2021,32.93,33.43,32.42,33.33,2435200,6
759,1/13/2021,33.38,34.14,33.38,33.69,2612000,7
760,1/14/2021,33.69,33.94,33.28,33.64,1777500,8
761,1/15/2021,33.94,33.94,33.64,33.74,1540400,9
762,1/18/2021,33.94,33.94,33.54,33.59,1209000,10
763,1/19/2021,33.43,33.49,31.26,31.41,3505600,11
764,1/20/2021,31.76,32.27,30.5,32.07,3663800,12
765,1/21/2021,32.67,33.33,32.07,33.23,2313100,13
766,1/22/2021,33.28,34.19,33.13,33.89,2090300,14
767,1/25/2021,33.84,34.55,33.54,33.94,3111900,15
768,1/26/2021,34.19,34.19,33.18,33.43,2597500,16
769,1/27/2021,33.28,33.49,31.86,31.91,2226800,17
770,1/28/2021,30.4,31.56,29.69,29.69,5092400,18
771,1/29/2021,29.89,31.76,29.89,31.76,3211900,19
772,2/1/2021,32.62,33.13,31.56,32.17,2017400,20
773,2/2/2021,31.97,33.43,31.91,33.43,3264600,21
774,2/3/2021,34.19,35.77,33.49,35.46,4173500,22
775,2/4/2021,35.61,37.08,35.56,36.73,4398700,23
776,2/5/2021,36.98,37.18,36.37,36.93,2084900,24
777,2/8/2021,36.88,36.93,35.26,36.12,4035600,25
778,2/9/2021,36.17,37.79,35.46,37.79,4224300,26
779,2/17/2021,38.6,40.02,38.45,39.46,3139100,27
780,2/18/2021,39.46,39.67,38.8,39.62,2243100,28
781,2/19/2021,39.21,39.51,38.5,38.8,3722700,29
782,2/22/2021,38.8,39.26,38.55,38.91,2319300,30
783,2/23/2021,38.65,39.01,37.79,38.25,3369500,31
784,2/24/2021,38.5,38.75,37.94,38.2,2225200,32
785,2/25/2021,38.55,38.65,37.74,38.6,1927500,33
786,2/26/2021,37.99,38.7,37.94,38.6,1936000,34
787,3/1/2021,38.96,39.51,38.91,39.46,2078100,35
788,3/2/2021,39.97,39.97,38.96,39.46,1821700,36
789,3/3/2021,39.51,39.56,39.21,39.36,1599400,37
790,3/4/2021,39.36,39.41,38.04,38.45,2901500,38
791,3/5/2021,38.3,38.5,37.74,38.45,2507500,39
792,3/8/2021,38.5,38.75,38.2,38.4,1656600,40
793,3/9/2021,37.99,38.35,37.74,37.99,2182400,41
794,3/10/2021,38.45,39.26,37.99,38.65,2602400,42
795,3/11/2021,38.75,39.06,38.55,38.86,1477800,43
796,3/12/2021,39.01,39.06,38.65,38.75,2062800,44
797,3/15/2021,38.8,39.26,38.55,38.75,1760900,45
798,3/16/2021,39.01,41.29,38.8,41.03,5111000,46
799,3/17/2021,41.29,41.29,40.53,40.93,1603200,47
800,3/18/2021,41.03,41.03,40.53,41.03,1807500,48
801,3/19/2021,40.53,40.78,40.22,40.43,2247800,49
802,3/22/2021,40.27,40.32,39.67,39.87,2084800,50
803,3/23/2021,39.77,40.53,39.67,39.92,2201700,51
804,3/24/2021,39.46,39.97,38.75,39.01,2480100,52
805,3/25/2021,39.26,39.26,38.75,38.8,2305400,53
806,3/26/2021,38.7,38.91,37.74,38.55,2672600,54
807,3/29/2021,38.75,39.56,38.55,39.31,1997700,55
808,3/30/2021,39.41,39.51,39.01,39.06,1512500,56
809,3/31/2021,39.06,39.56,38.8,39.36,1373400,57
810,4/1/2021,39.46,40.37,39.46,40.37,2500900,58
811,4/2/2021,40.73,40.78,40.43,40.43,1950200,59
812,4/5/2021,40.73,40.78,39.97,40.32,1487000,60
813,4/6/2021,40.07,40.53,40.07,40.22,1505800,61
814,4/7/2021,40.12,40.37,40.07,40.32,1503800,62
815,4/8/2021,40.63,40.83,40.27,40.32,1609800,63
816,4/9/2021,40.48,42.05,40.48,41.59,3970400,64
817,4/12/2021,41.74,41.74,41.29,41.59,2022500,65
818,4/13/2021,41.54,41.64,40.78,40.88,2038100,66
819,4/14/2021,40.53,41.03,40.27,41.03,2530600,67
820,4/15/2021,41.03,41.24,40.43,40.53,2096200,68
821,4/16/2021,40.43,41.13,39.92,40.37,2194600,69
822,4/19/2021,40.53,41.29,40.27,41.29,2380800,70
823,4/20/2021,41.44,43.01,41.34,42,4742800,71
824,4/22/2021,41.59,42.5,40.53,40.53,2271200,72
825,4/23/2021,40.53,42.05,40.37,42.05,3166400,73
826,4/26/2021,41.79,41.95,40.78,41.03,2551300,74
827,4/27/2021,40.73,41.24,40.58,40.88,1287100,75
828,4/28/2021,40.58,41.19,40.58,40.93,1366700,76
829,4/29/2021,40.93,41.44,40.93,40.98,2095500,77
830,5/4/2021,40.53,42.3,40.53,42,2362100,78
831,5/5/2021,42.6,42.81,41.89,42,2321300,79
832,5/6/2021,42.05,42.3,41.64,41.89,1969000,80
833,5/7/2021,41.89,42.55,41.69,42.05,2705900,81
834,5/10/2021,42.1,43.57,42.05,43.47,4504300,82
835,5/11/2021,43.57,43.87,43.16,43.16,2078700,83
836,5/12/2021,43.06,43.26,42.71,43.26,1844500,84
837,5/13/2021,43.06,43.26,42.55,42.55,2558300,85
838,5/14/2021,42.71,43.67,42.6,42.96,1858700,86
839,5/17/2021,43.47,43.87,43.16,43.41,1744500,87
840,5/18/2021,43.77,44.28,43.67,44.07,2133500,88
841,5/19/2021,44.33,46.15,43.97,46,2876300,89
842,5/20/2021,46,48.38,45.8,48.38,3523900,90
843,5/21/2021,47.77,48.94,47.11,47.52,3222700,91
844,5/24/2021,47.52,47.57,46.66,47.37,2669500,92
845,5/25/2021,47.37,48.23,47.01,47.52,2156300,93
846,5/26/2021,47.72,48.38,47.47,48.28,1992800,94
847,5/27/2021,48.28,48.33,47.37,47.52,1745800,95
848,5/28/2021,47.77,48.13,47.47,48.02,1874300,96
849,5/31/2021,48.38,49.65,47.97,49.59,3237700,97
850,6/1/2021,51.74,52.09,51.21,51.26,3495000,98
851,6/2/2021,51.26,51.5,50.03,50.32,3053900,99
852,6/3/2021,50.03,50.26,49.62,50.15,3190800,100
853,6/4/2021,50.03,50.09,49.32,49.85,3820600,101
854,6/7/2021,49.79,49.85,47.67,48.68,3711200,102
855,6/8/2021,48.26,48.85,47.44,47.56,3486000,103
856,6/9/2021,47.44,48.32,46.5,48.09,3576100,104
857,6/10/2021,48.09,48.56,47.67,48.2,2214900,105
858,6/11/2021,47.97,49.38,47.85,49.15,2359600,106
859,6/14/2021,49.09,49.79,48.85,49.32,2547600,107
860,6/15/2021,49.32,49.73,48.97,48.97,1778700,108
861,6/16/2021,49.03,49.79,48.68,48.91,2462000,109
862,6/17/2021,48.32,48.91,48.32,48.62,2236400,110
863,6/18/2021,48.91,49.56,48.68,49.32,1681700,111
864,6/21/2021,49.2,50.79,48.97,50.38,3878300,112
865,6/22/2021,50.68,50.97,50.26,50.26,1760300,113
866,6/23/2021,50.21,50.38,49.5,49.97,1599900,114
867,6/24/2021,49.97,49.97,49.38,49.85,1657800,115
868,6/25/2021,49.85,50.26,49.56,50.15,1503400,116
869,6/28/2021,50.62,50.68,50.26,50.44,1858800,117
870,6/29/2021,50.97,52.38,50.79,52.15,4897800,118
871,6/30/2021,52.38,52.44,51.79,51.79,1651100,119
872,7/1/2021,51.85,52.32,51.79,52.32,1700100,120
873,7/2/2021,52.56,54.44,52.32,54.09,3873500,121
874,7/5/2021,55.91,55.91,53.56,54.56,2934200,122
875,7/6/2021,54.44,54.74,51.21,51.21,2640500,123
876,7/7/2021,51.21,53.56,50.03,53.27,4910200,124
877,7/8/2021,53.21,53.27,52.38,52.85,2375400,125
878,7/9/2021,52.74,54.15,52.27,52.8,2947000,126
879,7/12/2021,52.27,52.8,49.2,50.68,6764400,127
880,7/13/2021,51.15,51.38,50.03,51.21,2207400,128
881,7/14/2021,51.56,51.56,49.85,50.15,2433500,129
882,7/15/2021,49.85,50.97,49.85,50.26,2714600,130
883,7/16/2021,50.56,51.79,50.32,51.09,2285700,131
884,7/19/2021,50.15,50.85,49.73,49.85,3288800,132
885,7/20/2021,49.91,51.09,49.38,51.09,2553700,133
886,7/21/2021,51.09,51.74,50.68,50.97,3369200,134
887,7/22/2021,50.74,52.74,50.74,52.62,4445600,135
888,7/23/2021,52.62,54.68,52.21,53.27,6755700,136
889,7/26/2021,53.15,55.27,53.09,55.15,5773100,137
890,7/27/2021,55.56,55.86,54.44,54.86,5007000,138
891,7/28/2021,54.62,55.15,53.97,54.15,3346700,139
892,7/29/2021,54.15,55.27,53.97,54.97,3712900,140
893,7/30/2021,55.03,55.8,54.62,55.33,4525900,141
894,8/2/2021,55.33,56.86,55.33,56.27,4275900,142
895,8/3/2021,56.39,56.5,55.74,56.39,3607200,143
896,8/4/2021,56.44,56.62,55.86,56.27,2818400,144
897,8/5/2021,56.03,57.09,55.86,56.86,2485600,145
898,8/6/2021,56.97,57.21,56.39,56.86,3413900,146
899,8/9/2021,57.09,57.5,56.44,57.39,2934500,147
900,8/10/2021,57.86,57.92,57.44,57.56,2680700,148
901,8/11/2021,57.5,57.56,56.56,56.56,4883200,149
902,8/12/2021,56.39,56.5,54.97,55.21,8399400,150
903,8/13/2021,54.8,55.91,54.74,55.91,3618700,151
904,8/16/2021,56.51,56.63,56.15,56.27,1906800,152
905,8/17/2021,55.97,56.27,55.62,55.79,2801700,153
906,8/18/2021,55.79,56.45,55.79,55.91,1951000,154
907,8/19/2021,56.51,56.51,55.79,56.21,2721600,155
908,8/20/2021,56.21,56.33,54.19,55.2,4349300,156
909,8/23/2021,55.02,55.02,54.13,54.13,3436600,157
910,8/24/2021,54.43,54.72,53.47,54.66,3081500,158
911,8/25/2021,54.96,54.96,54.13,54.66,1344000,159
912,8/26/2021,54.72,55.26,54.25,54.37,1758700,160
913,8/27/2021,54.13,54.72,53.89,54.72,1896200,161
914,8/30/2021,55.32,55.32,54.78,54.84,1494800,162
915,8/31/2021,54.9,55.44,54.72,54.96,1952500,163
916,9/1/2021,54.78,55.32,54.78,54.96,1353300,164
917,9/6/2021,54.96,56.45,54.9,56.45,3124600,165
918,9/7/2021,56.69,56.69,55.62,55.62,2290600,166
919,9/8/2021,55.62,56.03,55.2,55.38,1453800,167
920,9/9/2021,55.38,55.85,55.2,55.44,1393700,168
921,9/10/2021,55.56,56.15,55.56,55.62,1440100,169
922,9/13/2021,55.68,55.91,55.26,55.32,1600000,170
923,9/14/2021,55.5,56.33,55.32,55.79,2523200,171
924,9/15/2021,55.79,56.15,55.5,55.97,1690100,172
925,9/16/2021,56.15,56.51,56.03,56.33,1924700,173
926,9/17/2021,56.81,57.7,56.75,56.92,3325700,174
927,9/20/2021,57.1,57.22,55.97,56.15,2526100,175
928,9/21/2021,55.56,55.91,55.02,55.62,2697100,176
929,9/22/2021,55.44,55.56,55.14,55.44,2027200,177
930,9/23/2021,55.44,55.79,55.32,55.38,1394200,178
931,9/24/2021,55.44,55.44,55.14,55.14,1449000,179
932,9/27/2021,55.26,55.62,54.78,54.78,1546100,180
933,9/28/2021,54.55,55.32,54.43,55.32,1393500,181
934,9/29/2021,55.32,55.56,54.9,55.44,1177400,182
935,9/30/2021,55.62,55.85,55.32,55.32,996900,183
936,10/1/2021,55.26,55.38,55.02,55.26,1055400,184
937,10/4/2021,55.32,56.63,54.96,56.27,2277800,185
938,10/5/2021,56.51,57.1,56.15,56.15,1392800,186
939,10/6/2021,56.21,56.33,55.73,56.15,1571300,187
940,10/7/2021,56.45,56.51,55.97,56.09,1497000,188
941,10/8/2021,56.51,59.18,56.15,58.83,8305600,189
942,10/11/2021,58.89,59.07,58.47,59.01,2295500,190
943,10/12/2021,59.01,59.01,58.59,58.89,1125300,191
944,10/13/2021,58.89,60.37,58.59,59.13,3232500,192
945,10/14/2021,59.13,59.48,58.53,58.77,1824200,193
946,10/15/2021,59.13,59.54,58.53,58.83,1702500,194
947,10/18/2021,58.89,59.48,58.65,58.89,2264100,195
948,10/19/2021,58.89,59.18,58.65,58.65,1534300,196
949,10/20/2021,58.71,59.18,57.46,58.05,2248600,197
950,10/21/2021,58.53,58.59,57.52,57.52,2283600,198
951,10/22/2021,57.7,57.94,57.16,57.22,2023400,199
952,10/25/2021,57.22,57.22,56.45,56.45,2938500,200
953,10/26/2021,56.51,57.64,56.09,57.64,1855700,201
954,10/27/2021,57.58,58.41,57.4,58.41,2326700,202
955,10/28/2021,58.41,58.53,57.82,58.29,1644700,203
956,10/29/2021,58.29,58.29,57.64,57.64,2382700,204
957,11/1/2021,57.94,57.94,56.86,56.98,2855800,205
958,11/2/2021,56.81,57.7,56.81,57.16,2109100,206
959,11/3/2021,57.22,57.52,56.63,57.16,2680100,207
960,11/4/2021,57.16,57.58,56.92,57.1,1761300,208
961,11/5/2021,57.22,58.17,57.1,58.05,2169900,209
962,11/8/2021,58.05,58.59,57.88,57.94,1687900,210
963,11/9/2021,58,58.05,57.1,57.34,1845900,211
964,11/10/2021,57.34,57.7,57.04,57.7,1592400,212
965,11/11/2021,57.7,58.29,56.98,57.1,2122200,213
966,11/12/2021,57.22,58.41,57.04,58.29,2240300,214
967,11/15/2021,58.59,58.59,57.88,57.88,1908900,215
968,11/16/2021,57.88,59.18,57.58,58.47,3506200,216
969,11/17/2021,58.47,58.53,58.29,58.47,1186200,217
970,11/18/2021,58.47,58.71,57.4,57.4,2005000,218
971,11/19/2021,58,58.17,56.57,56.69,2481300,219
972,11/22/2021,56.81,57.1,56.51,56.51,1670100,220
973,11/23/2021,56.51,57.46,56.45,57.46,1150800,221
974,11/24/2021,57.52,58.53,57.34,58.23,2445600,222
975,11/25/2021,58.59,60.55,58.47,59.48,5487400,223
976,11/26/2021,59.54,59.96,58.77,58.83,1996200,224
977,11/29/2021,58,58.83,58,58.35,1993000,225
978,11/30/2021,58.35,58.59,57.7,57.76,2563100,226
979,12/1/2021,58,58.65,57.52,58.41,1254900,227
980,12/2/2021,58.05,58.47,57.82,57.82,952900,228
981,12/3/2021,58.17,58.17,56.81,56.81,2009700,229
982,12/6/2021,56.81,57.4,56.03,56.21,2393800,230
983,12/7/2021,56.51,57.1,56.21,57.1,1451000,231
984,12/8/2021,57.4,57.4,56.51,56.86,1064800,232
985,12/9/2021,56.57,57.7,56.57,57.7,993100,233
986,12/10/2021,57.34,57.7,56.75,56.98,1160000,234
987,12/13/2021,57.4,57.4,56.86,57.1,900200,235
988,12/14/2021,57.1,57.34,56.75,56.92,1144500,236
989,12/15/2021,56.92,57.28,56.86,57.04,808400,237
990,12/16/2021,58,58,56.81,56.81,1245000,238
991,12/17/2021,56.86,57.7,56.81,57.34,1152100,239
992,12/20/2021,57.4,57.4,56.81,56.98,1019800,240
993,12/21/2021,56.92,57.04,56.57,56.63,1112300,241
994,12/22/2021,56.51,56.75,56.27,56.51,1670500,242
995,12/23/2021,56.51,56.51,55.32,55.44,1930300,243
996,12/24/2021,55.62,56.21,55.2,55.79,1186700,244
997,12/27/2021,56.03,56.51,55.5,56.21,793700,245
998,12/28/2021,56.21,56.45,55.97,56.21,567300,246
999,12/29/2021,56.39,56.39,55.68,55.68,912200,247
1000,12/30/2021,55.73,56.09,55.62,55.68,810800,248
1001,12/31/2021,55.79,56.15,55.32,55.32,1607400,249
1002,1/4/2022,55.56,56.03,55.5,55.62,1935000,250
1003,1/5/2022,55.73,56.03,55.62,55.68,1193800,251
1004,1/6/2022,55.68,55.91,55.62,55.62,1192400,252
1005,1/7/2022,55.38,55.73,55.38,55.56,1016800,253
1006,1/10/2022,55.44,55.62,54.66,54.72,1882400,254
1007,1/11/2022,54.72,54.84,53,53.24,2509300,255
1008,1/12/2022,53,53.89,52.64,53.3,1740700,256
1009,1/13/2022,54.07,55.14,53.41,54.78,1811800,257
1010,1/14/2022,54.55,54.78,54.07,54.31,686700,258
1011,1/17/2022,53.83,54.31,52.94,52.94,1568400,259
1012,1/18/2022,52.52,53.3,52.34,52.4,1209900,260
1013,1/19/2022,52.4,53.06,52.34,52.52,744900,261
1014,1/20/2022,52.58,54.13,52.52,52.82,1334600,262
1015,1/21/2022,52.94,53.41,52.46,52.46,841200,263
1016,1/24/2022,52.46,52.64,50.56,50.74,2024200,264
1017,1/25/2022,50.68,52.05,49.96,51.45,1192600,265
1018,1/26/2022,51.75,51.75,50.86,51.15,913600,266
1019,1/27/2022,51.15,51.57,50.8,51.1,719600,267
1020,1/28/2022,51.15,53.24,51.1,53.24,1552300,268
1021,2/7/2022,53.53,53.59,52.94,53.24,518400,269
1022,2/8/2022,53.24,54.6,53.24,53.89,845100,270
1023,2/9/2022,54.55,54.55,53.89,53.95,1142700,271
1024,2/10/2022,54.37,54.72,53.65,54.72,974900,272
1025,2/11/2022,54.6,54.96,54.37,54.49,641600,273
1026,2/14/2022,54.13,54.49,53.77,54.13,774100,274
1027,2/15/2022,54.13,54.55,53.83,54.19,655400,275
1028,2/16/2022,54.55,55.02,54.31,54.31,614200,276
1029,2/17/2022,54.66,55.2,54.13,55.2,853700,277
1030,2/18/2022,54.9,55.02,54.55,54.84,618800,278
1031,2/21/2022,54.84,55.91,54.72,55.62,1386000,279
1032,2/22/2022,55.32,55.5,54.72,55.26,1158200,280
1033,2/23/2022,55.08,55.85,55.08,55.32,973800,281
1034,2/24/2022,55.32,55.62,53.53,54.72,1349600,282
1035,2/25/2022,54.96,55.56,54.78,54.9,1059900,283
1036,2/28/2022,54.9,55.62,54.9,55.5,1504600,284
1037,3/1/2022,55.91,55.91,55.02,55.56,1101900,285
1038,3/2/2022,55.32,55.56,55.14,55.38,1088900,286
1039,3/3/2022,55.44,55.91,55.44,55.56,957600,287
1040,3/4/2022,55.5,55.79,55.32,55.62,1343800,288
1041,3/7/2022,55.38,55.85,54.84,55.79,1698000,289
1042,3/8/2022,55.79,56.75,55.08,56.39,2227500,290
1043,3/9/2022,56.27,57.4,56.27,56.81,2204000,291
1044,3/10/2022,57.28,57.28,56.27,56.27,778700,292
1045,3/11/2022,56.21,56.27,55.14,55.44,1139000,293
1046,3/14/2022,55.32,55.32,53.83,54.6,1943000,294
1047,3/15/2022,54.6,54.6,53.41,54.13,1872000,295
1048,3/16/2022,54.19,54.9,53.83,54.49,1139600,296
1049,3/17/2022,54.6,55.14,54.43,54.72,1180600,297
1050,3/18/2022,55.32,57.46,55.32,56.57,2815100,298
1051,3/21/2022,56.63,57.1,56.51,56.69,1560700,299
1052,3/22/2022,57.1,57.7,56.75,57.34,2079200,300
1053,3/23/2022,57.4,58,57.1,57.4,1975800,301
1054,3/24/2022,57.1,57.82,56.69,57.1,1823700,302
1055,3/25/2022,57.16,57.4,56.86,56.92,1228100,303
1056,3/28/2022,56.81,58.71,56.63,58.35,3501600,304
1057,3/29/2022,58.65,62.4,58.65,62.4,8224300,305
1058,3/30/2022,62.93,63.82,62.16,63.05,2830700,306
1059,3/31/2022,62.75,65.79,62.22,63.65,3472300,307
1060,4/1/2022,63.59,66.03,63.11,66.03,4317300,308
1061,4/4/2022,67.51,67.51,65.01,65.01,2687800,309
1062,4/5/2022,64.89,66.38,64.84,64.84,1863900,310
1063,4/6/2022,64.48,67.81,64.48,67.21,4179000,311
1064,4/7/2022,67.63,69.53,66.68,67.39,3915200,312
1065,4/8/2022,67.39,67.75,64.54,64.54,4069700,313
1066,4/12/2022,64.84,66.32,63.41,65.31,3162100,314
1067,4/13/2022,65.43,68.46,65.31,68.46,3322800,315
1068,4/14/2022,68.52,70.72,68.52,69.36,3529400,316
1069,4/15/2022,68.46,70.13,67.81,68.4,3121400,317
1070,4/18/2022,68.4,70.55,67.81,68.7,3356100,318
1071,4/19/2022,69.3,69.59,66.62,66.62,4731000,319
1072,4/20/2022,66.62,67.21,65.19,66.62,3295000,320
1073,4/21/2022,66.14,68.94,66.14,66.62,4068500,321
1074,4/22/2022,66.92,67.75,63.05,66.08,5708900,322
1075,4/25/2022,65.49,65.97,61.5,61.5,4605900,323
1076,4/26/2022,59.6,62.46,57.7,62.04,5431400,324
1077,4/27/2022,60.97,61.86,59.78,61.27,2529700,325
1078,4/28/2022,61.21,63.53,60.97,62.75,2530400,326
1079,4/29/2022,62.46,63.71,61.98,62.46,3991500,327
1080,5/4/2022,62.4,62.99,61.92,62.16,1598400,328
1081,5/5/2022,62.22,62.75,60.61,62.28,2194900,329
1082,5/6/2022,60.85,61.86,59.6,59.6,2430900,330
1083,5/9/2022,58.47,58.89,55.91,55.91,4499100,331
1084,5/10/2022,55.91,58.77,54.72,58.53,2816700,332
1085,5/11/2022,58.29,60.61,57.58,60.61,1667700,333
1086,5/12/2022,59.07,60.61,56.51,56.86,2591500,334
1087,5/13/2022,57.16,58.89,55.38,55.68,4103700,335
1088,5/16/2022,58,58,55.44,55.44,1740900,336
1089,5/17/2022,55.32,59.3,55.02,59.3,2045800,337
1090,5/18/2022,59.3,59.54,58,58.11,1934400,338
1091,5/19/2022,56.57,58.11,56.57,57.7,1228600,339
1092,5/20/2022,58.11,58.83,57.7,58,1410400,340
1093,5/23/2022,58.41,58.41,57.16,57.4,1136900,341
1094,5/24/2022,57.4,58.41,57.1,58.41,1384700,342
1095,5/25/2022,59.18,62.46,58.71,62.46,3770800,343
1096,5/26/2022,62.58,63.71,62.22,62.81,1426400,344
1097,5/27/2022,62.81,66.62,62.75,66.5,3878400,345
1098,5/30/2022,66.08,66.86,64.95,66.2,2496900,346
1099,5/31/2022,66.2,66.2,63.94,65.37,2157000,347
1100,6/1/2022,65.37,67.16,65.31,66.5,2036500,348
1101,6/2/2022,67.1,68.29,66.08,66.32,2292800,349
1102,6/3/2022,66.32,67.81,65.97,67.81,1755900,350
1103,6/6/2022,67.81,69,66.62,67.21,2558200,351
1104,6/7/2022,67.04,68.76,64.6,68.76,3908000,352
1105,6/8/2022,69.18,69.95,68.11,68.4,2660400,353
1106,6/9/2022,68.7,68.94,67.39,68.58,1706300,354
1107,6/10/2022,67.45,68.23,65.43,65.43,2972500,355
1108,6/13/2022,63.39,65.4,61.95,62.09,3393300,356
1109,6/14/2022,61.95,64.75,61.59,64.18,2308300,357
1110,6/15/2022,65.26,65.26,63.39,65.19,1762600,358
1111,6/16/2022,65.55,67.56,64.97,66.27,2517500,359
1112,6/17/2022,65.04,66.7,64.11,66.27,2321400,360
1113,6/20/2022,67.35,68.07,65.76,66.27,2483900,361
1114,6/21/2022,66.56,67.35,64.11,64.18,2460200,362
1115,6/22/2022,64.68,65.11,60.79,60.87,2971400,363
1116,6/23/2022,60.5,62.52,60.29,61.59,2022500,364
1117,6/24/2022,62.02,63.24,61.59,61.59,902400,365
1118,6/27/2022,62.23,63.31,61.87,62.31,1254800,366
1119,6/28/2022,64.47,64.97,62.81,64.61,2296600,367
1120,6/29/2022,64.03,64.83,63.53,64.83,1182600,368
1121,6/30/2022,64.47,64.75,62.09,62.09,1506500,369
1122,7/1/2022,62.67,63.96,61.08,63.39,1696500,370
1123,7/4/2022,63.75,63.75,61.95,62.45,1005500,371
1124,7/5/2022,63.24,63.24,61.51,61.51,1395600,372
1125,7/6/2022,60.58,61.87,60.14,60.14,2232400,373
1126,7/7/2022,60.43,60.94,59.86,59.86,1286300,374
1127,7/8/2022,60.43,60.5,59.86,60.22,910400,375
1128,7/11/2022,60.94,60.94,59.64,59.64,998100,376
1129,7/12/2022,59.64,60.14,59.57,60.14,602800,377
1130,7/13/2022,60.5,60.5,59.42,59.42,1140700,378
1131,7/14/2022,59.64,60.14,59.21,59.64,891300,379
1132,7/15/2022,60.5,60.5,59.21,59.21,1382300,380
1133,7/18/2022,59.64,60.87,59.28,59.78,1264900,381
1134,7/19/2022,59.71,59.78,59.21,59.78,1185400,382
1135,7/20/2022,61.23,61.87,60.5,61.15,2848900,383
1136,7/21/2022,61.87,61.87,60.87,61.23,1804200,384
1137,7/22/2022,62.23,62.31,61.3,61.3,1307200,385
1138,7/25/2022,62.67,62.67,61.3,61.51,2245900,386
1139,7/26/2022,61.95,61.95,61.08,61.08,1128800,387
1140,7/27/2022,60.94,61.37,60.79,61.37,771100,388
1141,7/28/2022,61.37,61.8,59.86,61.15,1664800,389
1142,7/29/2022,61.3,61.37,60.14,60.14,1941800,390
1143,8/1/2022,60.5,60.65,59.86,60.5,1815100,391
1144,8/2/2022,60.5,61.3,60.14,61.23,1879700,392
1145,8/3/2022,61.23,61.37,60.65,61.08,2249500,393
1146,8/4/2022,61.3,62.38,61.15,62.02,3046800,394
1147,8/5/2022,62.02,62.81,61.66,61.8,1773100,395
1148,8/8/2022,61.87,62.23,61.44,61.95,1586800,396
1149,8/9/2022,61.95,63.03,61.73,62.09,2320800,397
1150,8/10/2022,62.16,62.45,61.95,61.95,1121400,398
1151,8/11/2022,62.09,62.52,61.73,61.95,1852800,399
1152,8/12/2022,61.73,62.31,61.73,62.31,1243100,400
1153,8/15/2022,62.38,64.18,62.38,64.03,3085000,401
1154,8/16/2022,64.03,64.39,63.46,63.89,1382800,402
1155,8/17/2022,64.11,64.18,63.39,63.6,1506200,403
1156,8/18/2022,63.31,64.61,63.31,63.6,2552900,404
1157,8/19/2022,63.39,63.75,62.09,62.59,1957600,405
1158,8/22/2022,62.38,62.88,61.87,62.52,1634000,406
1159,8/23/2022,62.02,62.67,62.02,62.67,1085700,407
1160,8/24/2022,63.03,63.25,62.74,62.81,1008000,408
1161,8/25/2022,62.81,63.18,62.67,62.88,1143900,409
1162,8/26/2022,62.96,63.98,62.88,63.54,1936600,410
1163,8/29/2022,63.39,63.39,61.72,63.03,2228000,411
1164,8/30/2022,63.03,63.39,62.67,62.96,1153200,412
1165,8/31/2022,62.52,63.39,62.52,63.1,1173700,413
1166,9/5/2022,63.03,63.18,62.59,62.81,1020900,414
1167,9/6/2022,62.67,62.96,62.52,62.52,1171600,415
1168,9/7/2022,62.3,62.59,61.21,61.21,2236400,416
1169,9/8/2022,61.28,61.94,61.06,61.43,1135600,417
1170,9/9/2022,61.65,61.94,61.43,61.43,1145400,418
1171,9/12/2022,62.01,62.08,61.43,61.65,741003,419
1172,9/13/2022,61.94,62.16,61.43,61.65,1062534,420
1173,9/14/2022,60.84,61.57,60.84,61.21,1319726,421
1174,9/15/2022,61.57,61.57,60.99,60.99,787676,422
1175,9/16/2022,60.99,61.14,60.12,60.12,1367082,423
1176,9/19/2022,60.12,60.92,59.68,60.55,1791147,424
1177,9/20/2022,60.55,61.06,59.97,60.77,579770,425
1178,9/21/2022,60.7,60.7,59.97,59.97,778267,426
1179,9/22/2022,59.75,60.48,59.68,60.41,1176159,427
1180,9/23/2022,60.55,60.55,59.82,60.04,843288,428
1181,9/26/2022,59.39,59.75,58.51,59.39,1869134,429
1182,9/27/2022,59.75,59.75,58.66,58.66,935561,430
1183,9/28/2022,58.37,58.59,56.84,56.84,2052319,431
1184,9/29/2022,58.15,58.37,56.11,56.11,1306874,432
1185,9/30/2022,56.11,58.88,56.04,58.66,2115328,433
1186,10/3/2022,58,58.51,55.67,56.11,1250717,434
1187,10/4/2022,56.84,57.57,56.25,56.47,2043505,435
1188,10/5/2022,57.57,57.93,57.13,57.13,973961,436
1189,10/6/2022,57.49,57.49,55.74,55.74,1269026,437
1190,10/7/2022,55.53,55.53,53.92,53.92,2066184,438
1191,10/10/2022,53.56,55.02,52.54,53.92,1629697,439
1192,10/11/2022,53.92,53.92,51.74,51.74,1596971,440
1193,10/12/2022,51.74,53.41,51.74,52.76,1466379,441
1194,10/13/2022,52.61,53.19,52.1,53.19,830864,442
1195,10/14/2022,54.21,54.29,53.63,53.92,846734,443
1196,10/17/2022,53.56,53.85,52.9,53.78,709751,444
1197,10/18/2022,53.92,54.87,53.92,54.58,880847,445
1198,10/19/2022,54.58,55.53,54.43,55.02,1025903,446
1199,10/20/2022,55.23,57.2,54.87,56.69,1733758,447
1200,10/21/2022,56.62,56.62,53.85,53.85,1569208,448
1201,10/24/2022,53.85,54.29,51.74,51.81,1429975,449
1202,10/25/2022,52.03,54.29,51.81,53.34,1567991,450
1203,10/26/2022,54.29,54.29,52.97,53.78,626989,451
1204,10/27/2022,53.99,55.53,53.7,55.23,938494,452
1205,10/28/2022,55.6,55.6,54.43,54.65,878087,453
1206,10/31/2022,54.65,55.38,53.7,55.09,1087300,454
1207,11/1/2022,55.6,55.96,54.65,55.02,563319,455
1208,11/2/2022,54.8,55.38,53.92,53.92,980330,456
1209,11/3/2022,54.29,55.16,53.7,53.99,624173,457
1210,11/4/2022,53.92,53.92,52.1,53.12,1649525,458
1211,11/7/2022,52.9,53.92,52.9,52.9,1574023,459
1212,11/8/2022,52.1,53.85,52.03,53.41,947845,460
1213,11/9/2022,53.41,54.14,53.41,53.92,699349,461
1214,11/10/2022,53.56,53.7,50.35,53.19,1598605,462
1215,11/11/2022,53.27,53.63,52.46,53.05,1004524,463
1216,11/14/2022,52.46,52.76,51.01,51.59,1642109,464
1217,11/15/2022,51.01,51.01,48.02,48.02,3123365,465
1218,11/16/2022,44.67,51.01,44.67,50.5,3056552,466
1219,11/17/2022,50.5,52.46,47,51.74,1548529,467
1220,11/18/2022,51.08,52.46,50.42,52.1,1264028,468
1221,11/21/2022,50.64,52.32,50.64,51.08,842416,469
1222,11/22/2022,51.01,52.46,50.35,51.37,1178595,470
1223,11/23/2022,51.01,51.74,50.79,51.37,467451,471
1224,11/24/2022,50.86,51.74,50.57,51.37,789675,472
1225,11/25/2022,51.44,52.46,51.37,52.46,1268624,473
1226,11/28/2022,52.76,54.29,52.68,54.14,1151034,474
1227,11/29/2022,54.58,54.58,53.19,54.14,1146480,475
1228,11/30/2022,54.29,54.58,53.56,54.36,914889,476
1229,12/1/2022,54.72,55.23,53.99,54.43,1779052,477
1230,12/2/2022,54.43,56.62,53.92,56.4,2906008,478
1231,12/5/2022,56.84,57.57,56.4,57.06,1221587,479
1232,12/6/2022,57.06,57.49,55.38,55.38,1541582,480
1233,12/7/2022,55.31,55.82,54.5,55.74,1031634,481
1234,12/8/2022,56.04,57.42,55.09,56.11,1269574,482
1235,12/9/2022,55.6,56.84,55.53,56.84,989370,483
1236,12/12/2022,56.55,56.98,55.67,56.11,1215379,484
1237,12/13/2022,55.53,56.33,54.8,56.25,901395,485
1238,12/14/2022,56.25,56.47,55.45,55.6,1159669,486
1239,12/15/2022,55.67,56.91,55.67,56.62,1172479,487
1240,12/16/2022,56.11,56.84,55.67,56.76,912560,488
1241,12/19/2022,57.06,57.06,55.82,55.82,1028326,489
1242,12/20/2022,56.25,56.25,54.94,55.82,787843,490
1243,12/21/2022,56.25,56.4,55.16,56.25,545497,491
1244,12/22/2022,56.25,56.47,55.38,56.25,659431,492
1245,12/23/2022,55.67,56.84,55.53,56.84,1222704,493
1246,12/26/2022,56.62,56.91,55.67,55.67,833640,494
1247,12/27/2022,55.67,56.47,55.38,55.74,806989,495
1248,12/28/2022,56.11,56.11,55.38,55.89,590282,496
1249,12/29/2022,55.74,56.11,55.53,55.53,656647,497
1250,12/30/2022,55.53,56.04,55.38,56.04,629719,498
1251,1/3/2023,56.04,58.29,55.96,58.29,1538861,499
1252,1/4/2023,58.88,59.02,57.78,58.29,796544,500
1253,1/5/2023,58.44,59.39,58.44,58.73,1014719,501
1254,1/6/2023,58.59,59.1,58.44,58.51,721096,502
1255,1/9/2023,58.66,58.95,58.22,58.51,520315,503
1256,1/10/2023,58.8,59.24,58.44,58.59,754254,504
1257,1/11/2023,58.59,59.46,58.59,58.95,1078639,505
1258,1/12/2023,59.02,59.39,58.44,58.8,544065,506
1259,1/13/2023,58.66,59.17,58.29,58.29,629501,507
1260,1/16/2023,58.37,59.02,58.08,58.88,576876,508
1261,1/17/2023,59.17,59.75,59.02,59.75,980634,509
1262,1/18/2023,59.82,60.77,59.61,60.77,956810,510
1263,1/19/2023,60.48,61.35,60.41,61.14,1329468,511
1264,1/27/2023,61.28,62.3,61.21,61.21,1145253,512
1265,1/30/2023,61.35,61.5,60.99,60.99,893299,513
1266,1/31/2023,60.84,60.99,59.53,60.84,1531495,514
1267,2/1/2023,61.21,61.21,59.61,59.75,1051061,515
1268,2/2/2023,59.82,60.04,59.24,59.68,1327690,516
1269,2/3/2023,59.75,59.75,58.37,58.37,1730152,517
1270,2/6/2023,58.29,59.46,58.08,58.66,946115,518
1271,2/7/2023,58.66,59.68,58.66,58.8,752838,519
1272,2/8/2023,58.88,59.53,58.73,59.17,671553,520
1273,2/9/2023,59.02,59.46,58.8,58.8,743939,521
1274,2/10/2023,59.1,59.17,58.66,58.8,725810,522
1275,2/13/2023,58.8,59.17,58.29,58.8,614692,523
1276,2/14/2023,58.8,59.02,58.44,58.88,621417,524
1277,2/15/2023,58.66,59.68,58.51,59.46,646219,525
1278,2/16/2023,59.46,59.75,58.8,59.46,425495,526
1279,2/17/2023,59.17,59.46,59.02,59.46,468845,527
1280,2/20/2023,59.46,60.48,59.31,60.33,1277504,528
1281,2/21/2023,60.33,60.99,60.19,60.33,841841,529
1282,2/22/2023,59.97,60.12,59.61,59.61,748561,530
1283,2/23/2023,59.53,59.53,58.73,59.31,1161953,531
1284,2/24/2023,59.1,59.24,58.59,58.88,559986,532
1285,2/27/2023,58.29,58.66,58.22,58.51,1016698,533
1286,2/28/2023,58.29,58.8,57.93,58.66,525466,534
1287,3/1/2023,57.93,58.66,57.35,58.66,1377551,535
1288,3/2/2023,58.29,58.66,58.15,58.29,431732,536
1289,3/3/2023,57.78,58.29,57.2,57.2,741791,537
1290,3/6/2023,56.91,58.15,56.91,56.98,818674,538
1291,3/7/2023,57.64,58.22,57.42,57.42,793553,539
1292,3/8/2023,57.2,57.93,57.2,57.93,511968,540
1293,3/9/2023,57.93,58.8,57.71,58.73,641624,541
1294,3/10/2023,58.44,58.59,57.57,57.93,641543,542
1295,3/13/2023,56.91,57.86,56.91,57.49,887883,543
1296,3/14/2023,57.57,57.64,57.2,57.35,428257,544
1297,3/15/2023,57.64,58.66,57.64,58.66,693264,545
1298,3/16/2023,58.29,58.29,57.13,57.71,850831,546
1299,3/17/2023,58,58.29,57.27,57.57,430362,547
1300,3/20/2023,57.64,57.78,56.55,56.55,771192,548
1301,3/21/2023,57.27,57.35,56.18,56.91,537316,549
1302,3/22/2023,56.98,57.27,56.55,57.2,611402,550
1303,3/23/2023,57.13,57.2,56.55,56.84,357327,551
1304,3/24/2023,57.06,57.42,56.84,57.27,367884,552
1305,3/27/2023,57.49,57.71,57.2,57.64,768784,553
1306,3/28/2023,57.71,57.71,56.47,57.71,1001517,554
1307,3/29/2023,57.71,57.78,57.27,57.57,405351,555
1308,3/30/2023,57.57,57.78,57.42,57.64,409438,556
1309,3/31/2023,57.64,57.93,57.57,57.64,672646,557
1310,4/3/2023,57.86,58.95,57.64,58.95,1172390,558
1311,4/4/2023,58.95,59.02,58.29,58.66,585746,559
1312,4/5/2023,58.66,58.73,58.08,58.73,423371,560
1313,4/6/2023,58.8,59.39,58.51,58.51,614350,561
1314,4/7/2023,58.44,58.8,58.29,58.66,360755,562
1315,4/10/2023,59.02,59.02,58.37,58.51,771039,563
1316,4/11/2023,58.44,58.66,58.37,58.51,534886,564
1317,4/12/2023,58.51,58.66,58.22,58.51,575815,565
1318,4/13/2023,58.51,58.59,57.78,58,542069,566
1319,4/14/2023,58.22,58.37,57.78,58,399536,567
1320,4/17/2023,58,58.08,57.57,58,450882,568
1321,4/18/2023,58,58.29,57.71,57.86,302472,569
1322,4/19/2023,58.15,58.15,57.78,57.78,420463,570
1323,4/20/2023,58.15,58.15,57.71,57.86,365619,571
1324,4/21/2023,58.29,58.29,57.78,57.78,324840,572
1325,4/24/2023,57.93,58.73,57.57,57.64,795812,573
1326,4/25/2023,57.64,57.78,57.06,57.13,541028,574
1327,4/26/2023,56.91,57.13,56.55,57.06,772857,575
1328,4/27/2023,56.91,57.42,56.91,57.06,221966,576
1329,4/28/2023,57.42,57.42,56.47,56.47,946202,577
1330,5/4/2023,56.69,57.35,56.55,57.2,498526,578
1331,5/5/2023,57.27,57.27,56.98,57.13,320239,579
1332,5/8/2023,57.2,57.49,57.13,57.2,364297,580
1333,5/9/2023,57.27,58.15,57.27,57.49,607003,581
1334,5/10/2023,57.57,58,57.57,57.57,633179,582
1335,5/11/2023,57.64,58,57.57,57.64,477378,583
1336,5/12/2023,57.78,58.73,57.42,58.66,1085041,584
1337,5/15/2023,59.31,59.61,58.88,59.02,936340,585
1338,5/16/2023,59.02,59.53,58.88,59.39,768209,586
1339,5/17/2023,59.68,60.26,59.1,59.39,977785,587
1340,5/18/2023,59.61,60.48,59.31,60.41,1552354,588
1341,5/19/2023,60.48,60.7,59.61,60.33,1075113,589
1342,5/22/2023,60.33,60.33,59.75,60.12,562355,590
1343,5/23/2023,60.12,60.12,59.31,59.75,657960,591
1344,5/24/2023,59.75,59.82,59.1,59.24,465813,592
1345,5/25/2023,59.17,60.77,59.02,60.63,1343692,593
1346,5/26/2023,60.55,60.77,59.97,60.55,865789,594
1347,5/29/2023,60.84,60.99,60.41,60.55,881263,595
1348,5/30/2023,60.48,61.86,60.41,61.21,1662064,596
1349,5/31/2023,61.35,61.35,60.55,61.28,840575,597
1350,6/1/2023,61.21,61.21,60.55,60.84,538944,598
1351,6/2/2023,60.84,61.43,60.55,61.06,738485,599
1352,6/5/2023,61.14,62.08,61.06,61.94,1428499,600
1353,6/6/2023,62.16,62.16,61.72,62.16,516234,601
1354,6/7/2023,61.94,62.23,61.43,61.94,707049,602
1355,6/8/2023,61.72,61.86,60.84,60.92,1246481,603
1356,6/9/2023,61.43,61.72,60.99,61.65,681805,604
1357,6/12/2023,61.57,61.86,60.92,61.86,521246,605
1358,6/13/2023,61.5,61.86,61.43,61.5,468477,606
1359,6/14/2023,61.43,61.79,61.28,61.35,659704,607
1360,6/15/2023,61.35,61.5,60.92,61.28,800193,608
1361,6/16/2023,61.28,62.81,60.77,61.57,2234265,609
1362,6/19/2023,61.72,62.3,61.57,61.72,664779,610
1363,6/20/2023,61.94,62.52,61.72,62.3,946100,611
1364,6/21/2023,62.3,62.96,62.23,62.52,707032,612
1365,6/22/2023,62.74,63.03,61.72,62.3,1021586,613
1366,6/23/2023,62.37,62.37,61.79,62.01,823244,614
1367,6/26/2023,62.01,62.52,61.65,62.52,861394,615
1368,6/27/2023,62.67,63.61,62.67,63.61,1544056,616
1369,6/28/2023,63.69,63.98,63.39,63.39,967842,617
1370,6/29/2023,63.39,63.47,63.03,63.03,563802,618
1371,6/30/2023,63.03,63.1,62.67,62.67,734840,619
1372,7/3/2023,63.03,63.25,62.67,62.96,1041108,620
1373,7/4/2023,62.96,63.39,62.81,63.39,1329492,621
1374,7/5/2023,63.66,64.85,63.41,63.41,1791184,622
1375,7/6/2023,63.41,63.75,62.73,63.24,1522489,623
1376,7/7/2023,62.9,64,62.9,63.83,899592,624
1377,7/10/2023,63.83,64.34,63.49,63.83,1156888,625
1378,7/11/2023,63.83,63.92,63.58,63.58,1093461,626
1379,7/12/2023,63.58,64.17,63.49,63.83,906936,627
1380,7/13/2023,64.26,64.26,63.92,64.26,1255041,628
1381,7/14/2023,65.19,66.37,64.51,66.37,2826852,629
1382,7/17/2023,66.97,67.14,66.54,66.97,1156882,630
1383,7/18/2023,66.97,66.97,66.2,66.71,719990,631
1384,7/19/2023,66.54,66.88,66.37,66.54,710544,632
1385,7/20/2023,66.63,68.92,66.54,68.07,2297840,633
1386,7/21/2023,67.56,68.66,67.48,68.66,1275567,634
1387,7/24/2023,68.66,68.92,68.32,68.66,1175667,635
1388,7/25/2023,68.66,69.68,68.66,68.92,1060033,636
1389,7/26/2023,68.83,70.1,68.75,70.1,1273543,637
1390,7/27/2023,70.19,71.55,70.19,70.95,1421340,638
1391,7/28/2023,70.78,71.55,70.44,71.55,900725,639
1392,7/31/2023,71.8,72.73,71.55,72.56,1475315,640
1393,8/1/2023,72.56,73.16,71.63,71.63,1290289,641
1394,8/2/2023,71.63,71.88,70.78,70.78,999318,642
1395,8/3/2023,71.04,71.38,70.27,70.95,910770,643
1396,8/4/2023,71.21,71.63,70.61,70.61,1620226,644
1397,8/7/2023,70.87,71.63,70.61,71.63,755463,645
1398,8/8/2023,71.21,71.71,71.04,71.38,638510,646
1399,8/9/2023,71.21,71.8,70.36,70.44,985253,647
1400,8/10/2023,70.44,70.61,69.68,69.68,1345605,648
1401,8/11/2023,69.51,70.36,69.09,69.51,1146772,649
1402,8/14/2023,69.6,70.53,69.51,70.02,1016349,650
1403,8/15/2023,70.02,71.46,69.09,71.21,1677357,651
1404,8/16/2023,70.53,72.22,70.53,72.14,2613481,652
1405,8/17/2023,72.05,73.92,72.05,72.9,3708846,653
1406,8/18/2023,72.56,74.51,71.46,72.48,4252285,654
1407,8/21/2023,72.82,73.49,72.48,72.82,2461231,655
1408,8/22/2023,73.16,73.33,70.36,73.33,2337900,656
1409,8/23/2023,73.24,73.58,71.8,73.33,1422837,657
1410,8/24/2023,73.33,77.27,72.99,77.19,5269510,658
1411,8/25/2023,76.76,78.05,76.42,77.7,2802665,659
1412,8/28/2023,78.9,80.88,78.05,80.62,2969885,660
1413,8/29/2023,80.62,80.62,79.59,80.28,1556447,661
1414,8/30/2023,79.93,84.22,79.85,82.85,2376554,662
1415,8/31/2023,82.85,83.62,82.42,82.93,1409398,663
1416,9/5/2023,83.28,84.65,83.02,83.02,1448003,664
1417,9/6/2023,83.28,84.91,82.59,84.91,2503495,665
1418,9/7/2023,84.91,86.45,83.71,83.96,3257432,666
1419,9/8/2023,83.62,84.48,83.19,83.71,2122234,667
1420,9/11/2023,84.65,85.34,81.73,83.53,5159148,668
1421,9/12/2023,83.53,84.82,83.53,84.82,2687116,669
1422,9/13/2023,84.82,84.91,83.53,84.05,2895387,670
1423,9/14/2023,84.05,84.05,81.9,82.25,2324353,671
1424,9/15/2023,82.33,83.88,81.73,83.62,2140173,672
1425,9/18/2023,83.11,83.11,82.08,83.11,2030801,673
1426,9/19/2023,83.02,84.39,82.25,84.39,3588961,674
1427,9/20/2023,84.73,85.51,84.48,84.48,2449993,675
1428,9/21/2023,84.48,84.82,82.59,83.02,3422654,676
1429,9/22/2023,81.56,83.19,79.42,82.93,6867488,677
1430,9/25/2023,83.19,83.71,80.88,80.88,2102701,678
1431,9/26/2023,80.79,81.9,79.85,80.19,2159726,679
1432,9/27/2023,80.53,80.88,77.53,80.88,4516129,680
1433,9/28/2023,80.7,80.88,78.39,80.62,1768685,681
1434,9/29/2023,80.62,81.39,79.59,79.59,1637648,682
1435,10/2/2023,80.1,80.45,78.9,79.93,1139848,683
1436,10/3/2023,79.07,80.19,78.47,79.07,2010673,684
1437,10/4/2023,78.3,80.1,78.3,79.33,1593917,685
1438,10/5/2023,79.59,80.02,78.56,78.56,1370603,686
1439,10/6/2023,78.47,79.59,78.05,79.5,1149293,687
1440,10/9/2023,79.25,81.99,79.07,81.99,3660637,688
1441,10/10/2023,82.76,83.36,81.82,82.59,3259197,689
1442,10/11/2023,82.25,84.05,82.25,83.19,2361344,690
1443,10/12/2023,83.19,83.88,82.33,82.68,1884002,691
1444,10/13/2023,82.33,82.59,81.73,82.42,2364522,692
1445,10/16/2023,83.02,84.82,82.59,83.02,4979916,693
1446,10/17/2023,83.88,83.88,79.85,79.85,2422927,694
1447,10/18/2023,81.39,81.39,78.05,79.76,6149090,695
1448,10/19/2023,80.62,80.88,78.9,78.9,3033197,696
1449,10/20/2023,79.33,79.76,77.27,79.67,2867958,697
1450,10/23/2023,80.45,80.45,77.87,78.05,1975305,698
1451,10/24/2023,79.25,79.25,77.87,78.9,1615528,699
1452,10/25/2023,78.73,79.5,77.96,77.96,1840166,700
1453,10/26/2023,75.73,77.1,73.76,74.44,5919549,701
1454,10/27/2023,75.04,75.47,74.01,74.61,2039441,702
1455,10/30/2023,74.61,74.7,72.9,72.9,1873591,703
1456,10/31/2023,72.99,73.16,71.18,71.18,3095467,704
1457,11/1/2023,72.3,73.24,70.84,73.24,2178980,705
1458,11/2/2023,74.1,76.33,73.67,76.33,2207208,706
1459,11/3/2023,76.33,76.5,74.61,74.61,4845587,707
1460,11/6/2023,75.64,76.24,75.3,75.9,1212457,708
1461,11/7/2023,75.9,76.16,75.39,75.73,1343408,709
1462,11/8/2023,75.64,79.42,75.47,79.42,2947501,710
1463,11/9/2023,78.9,80.02,78.73,79.33,2114138,711
1464,11/10/2023,78.47,79.5,78.3,78.47,2409873,712
1465,11/13/2023,78.56,78.9,77.62,78.39,1534993,713
1466,11/14/2023,78.9,80.1,78.3,79.42,2000413,714
1467,11/15/2023,80.36,80.45,78.9,79.25,2420392,715
1468,11/16/2023,79.07,79.76,78.56,79.76,1908811,716
1469,11/17/2023,80.1,80.19,77.7,78.05,3572003,717
1470,11/20/2023,77.27,79.42,76.42,77.79,1659285,718
1471,11/21/2023,78.9,78.9,77.79,78.82,1462987,719
1472,11/22/2023,78.82,79.85,78.82,79.76,3274558,720
1473,11/23/2023,80.02,80.36,77.87,77.87,2168399,721
1474,11/24/2023,77.87,78.9,77.36,78.22,2251338,722
1475,11/27/2023,78.39,78.39,77.27,77.79,1661825,723
1476,11/28/2023,77.87,78.82,77.1,78.13,1092670,724
1477,11/29/2023,78.56,78.9,78.13,78.65,804163,725
1478,11/30/2023,78.39,80.36,78.3,78.82,1984701,726
1479,12/1/2023,79.07,79.67,78.3,79.25,1192386,727
1480,12/4/2023,79.42,80.62,79.42,80.28,3466947,728
1481,12/5/2023,80.45,82.16,80.36,81.3,3596254,729
1482,12/6/2023,81.48,81.82,80.7,81.48,1223469,730
1483,12/7/2023,81.56,81.73,79.59,80.88,3765052,731
1484,12/8/2023,80.88,81.56,80.19,80.79,1747729,732
1485,12/11/2023,81.9,82.08,81.13,81.48,1567612,733
1486,12/12/2023,81.82,83.02,81.73,83.02,4090519,734
1487,12/13/2023,83.53,83.53,81.65,81.65,2152046,735
1488,12/14/2023,82.16,82.68,81.65,82.51,1715423,736
1489,12/15/2023,82.51,82.59,81.48,82.51,1477484,737
1490,12/18/2023,82.25,82.51,80.36,80.62,2269177,738
1491,12/19/2023,80.53,81.13,80.28,81.13,1253010,739
1492,12/20/2023,80.88,81.48,80.7,81.22,1351472,740
1493,12/21/2023,81.13,81.56,80.62,81.56,1758872,741
1494,12/22/2023,81.48,81.56,80.96,81.13,1276887,742
1495,12/25/2023,81.39,82.51,81.3,82.33,2019931,743
1496,12/26/2023,82.76,84.56,82.68,83.36,3364283,744
1497,12/27/2023,83.53,83.88,83.11,83.11,1359748,745
1498,12/28/2023,83.19,83.19,82.59,82.85,1199164,746
1499,12/29/2023,82.85,83.19,82.42,82.42,1869204,747
1500,1/2/2024,83.11,83.11,82.08,82.25,1717109,748
1501,1/3/2024,81.99,82.76,81.82,82.59,1439581,749
1502,1/4/2024,82.59,84.39,82.51,83.36,2978466,750
1503,1/5/2024,83.45,83.62,82.76,83.53,1140908,751
1504,1/8/2024,83.53,84.31,83.28,83.45,1446808,752
1505,1/9/2024,83.45,83.45,82.85,82.85,1213774,753
1506,1/10/2024,82.93,83.11,81.05,81.22,3309732,754
1507,1/11/2024,81.22,81.82,81.22,81.48,1373914,755
1508,1/12/2024,81.3,81.99,80.7,81.22,2602405,756
1509,1/15/2024,81.48,82.25,81.39,81.82,1315058,757
1510,1/16/2024,81.22,82.08,81.22,82.08,811904,758
1511,1/17/2024,81.99,82.33,81.48,82.08,1416305,759
1512,1/18/2024,82.08,82.33,81.65,81.99,1139263,760
1513,1/19/2024,82.33,83.11,82.08,82.59,1495663,761
1514,1/22/2024,83.02,83.02,82.16,82.68,1110387,762
1515,1/23/2024,82.42,82.68,81.82,81.99,1482899,763
1516,1/24/2024,82.16,82.16,81.39,81.48,1725114,764
1517,1/25/2024,81.56,82.08,81.3,81.56,847088,765
1518,1/26/2024,81.9,82.51,81.73,82.25,927816,766
1519,1/29/2024,82.25,82.42,81.73,82.25,1062382,767
1520,1/30/2024,82.25,82.25,81.82,81.99,950876,768
1521,1/31/2024,81.99,82.33,81.9,82.08,1383416,769
1522,2/1/2024,82.25,85.68,82.08,85.68,7803177,770
1523,2/2/2024,85.94,87.65,85.85,87.48,2885879,771
1524,2/5/2024,87.48,89.28,87.39,88.77,2701349,772
1525,2/6/2024,88.85,90.05,88.25,89.28,1890491,773
1526,2/7/2024,89.8,90.05,89.11,89.97,2130668,774
1527,2/15/2024,90.22,90.48,89.02,89.19,2254547,775
1528,2/16/2024,89.19,90.14,89.02,90.14,2070089,776
1529,2/19/2024,90.48,91.77,90.05,90.05,2037643,777
1530,2/20/2024,90.22,90.22,89.19,89.45,1848111,778
1531,2/21/2024,89.19,91.68,88.77,90.82,3141692,779
1532,2/22/2024,90.82,90.91,89.71,89.71,1722092,780
1533,2/23/2024,90.48,91.51,88.59,89.11,4108378,781
1534,2/26/2024,89.11,92.63,88.77,92.63,4472548,782
1535,2/27/2024,93.05,93.91,92.11,92.54,2807162,783
1536,2/28/2024,92.63,93.05,91.17,93.05,3466729,784
1537,2/29/2024,92.8,93.83,92.37,93.48,2829302,785
1538,3/1/2024,93.65,95.54,93.57,95.03,4028406,786
1539,3/4/2024,95.2,95.88,95.03,95.54,3092985,787
1540,3/5/2024,95.54,95.54,94.25,94.94,3390992,788
1541,3/6/2024,94.34,94.68,92.97,93.57,3710122,789
1542,3/7/2024,93.57,97.69,92.8,95.46,4044840,790
1543,3/8/2024,95.46,96.57,93.91,94.34,3122548,791
1544,3/11/2024,94.34,97.34,94.34,94.34,3389872,792
1545,3/12/2024,94.34,97.34,94.34,95.97,2912964,793
1546,3/13/2024,96.74,100.34,96.06,100.34,5125138,794
1547,3/14/2024,101.63,101.63,99.23,100.34,3472473,795
1548,3/15/2024,100.17,100.17,98.2,99.49,3846741,796
1549,3/18/2024,99.31,99.31,95.28,96.91,5898676,797
1550,3/19/2024,96.91,96.91,95.28,96.06,3324749,798
1551,3/20/2024,96.31,98.63,95.28,98.2,3483551,799
1552,3/21/2024,98.8,99.66,98.29,99.66,3762372,800
1553,3/22/2024,99.74,99.74,98.2,98.54,2420313,801
1554,3/25/2024,97.86,98.71,97.6,97.77,2799669,802
1555,3/26/2024,97.77,99.06,97.43,98.63,1696761,803
1556,3/27/2024,98.37,98.89,97.86,98.8,1323812,804
1557,3/28/2024,99.4,100.69,98.89,100.43,2808951,805
1558,3/29/2024,99.83,100.52,99.49,99.92,1346605,806
1559,4/1/2024,99.49,100.86,98.8,100.17,1980689,807
1560,4/2/2024,98.97,100.34,98.97,100.34,2289100,808
1561,4/3/2024,99.57,100.34,98.71,98.71,2555654,809
1562,4/4/2024,98.63,99.31,97.77,97.77,2369065,810
1563,4/5/2024,97,98.37,96.57,97.51,2764447,811
1564,4/8/2024,97.51,97.51,96.57,96.57,1957677,812
1565,4/9/2024,96.57,97.08,96.48,96.91,1437679,813
1566,4/10/2024,97.34,99.14,97.17,97.6,1795600,814
1567,4/11/2024,97.34,98.97,97.17,98.54,1553032,815
1568,4/12/2024,99.4,99.4,98.03,99.06,1371708,816
1569,4/15/2024,99.06,99.14,95.63,95.71,3709209,817
1570,4/16/2024,96.06,97.08,95.63,96.91,3651849,818
1571,4/17/2024,97,97,95.71,95.88,1949454,819
1572,4/19/2024,94.77,95.37,93.48,93.48,5373515,820
1573,4/22/2024,94.34,95.54,93.4,94.6,2403688,821
1574,4/23/2024,95.11,97.17,94.25,96.31,4041971,822
1575,4/24/2024,97.43,103,97.08,103,10179208,823
1576,4/25/2024,105.06,109.78,104.55,105.66,5718864,824
1577,4/26/2024,105.49,107.55,104.8,105.66,3402188,825
1578,5/2/2024,106.18,110.64,105.92,109.18,3477702,826
1579,5/3/2024,109.86,110.12,107.72,107.98,3199400,827
1580,5/6/2024,108.49,109.44,106.78,109.44,2710850,828
1581,5/7/2024,109.78,112.87,109.09,112.61,3130425,829
1582,5/8/2024,111.58,112.35,110.89,112.35,3024432,830
1583,5/9/2024,112.01,113.89,111.49,111.75,2208946,831
1584,5/10/2024,112.61,113.38,110.81,112.35,3797696,832
1585,5/13/2024,112.61,112.78,110.46,111.24,1857811,833
1586,5/14/2024,111.49,112.95,111.15,111.92,2309312,834
1587,5/15/2024,112.78,115.35,112.61,115.01,3659473,835
1588,5/16/2024,116.3,117.75,115.1,116.12,3128143,836
1589,5/17/2024,116.12,116.64,114.67,115.35,2314616,837
1590,5/20/2024,115.95,116.72,114.07,114.07,2020789,838
1591,5/21/2024,114.92,116.64,114.5,116.64,3478265,839
1592,5/22/2024,118.27,119.81,116.72,118.35,4522916,840
1593,5/23/2024,117.93,118.18,115.78,117.93,3630410,841
1594,5/24/2024,118.35,118.35,112.01,113.12,13398023,842
1595,5/27/2024,114.07,114.5,112.01,113.89,5172903,843
1596,5/28/2024,114.92,117.5,114.15,117.5,4632228,844
1597,5/29/2024,117.58,118.53,115.61,116.38,5844515,845
1598,5/30/2024,114.75,115.78,113.12,115.78,7273584,846
1599,5/31/2024,115.78,117.33,114.75,115.44,2639516,847
1600,6/3/2024,115.78,118.01,115.52,117.41,7782256,848
1601,6/4/2024,119.21,119.47,118.18,119.3,7019713,849
1602,6/5/2024,120.07,124.27,119.81,120.16,6336780,850
1603,6/6/2024,120.33,121.53,119.04,119.73,5222139,851
1604,6/7/2024,120.93,121.79,120.5,121.79,3762372,852
1605,6/10/2024,123.07,124.36,122.64,123.5,3785656,853
1606,6/11/2024,123.76,125.64,122.73,125.64,6340276,854
1607,6/12/2024,127.02,131.78,126.92,131.09,11246768,855
1608,6/13/2024,132.78,132.88,129.1,129.1,8167546,856
1609,6/14/2024,129.2,131.69,128.11,130.1,6425220,857
1610,6/17/2024,130.1,130.49,127.61,127.91,4890848,858
1611,6/18/2024,127.91,128.81,127.12,127.12,6694763,859
1612,6/19/2024,127.12,131.88,125.73,130.59,9684926,860
1613,6/20/2024,132.08,134.76,130.89,132.38,10482529,861
1614,6/21/2024,132.98,135.16,132.38,135.16,7663338,862
1615,6/24/2024,134.07,134.57,131.09,131.19,13202385,863
1616,6/25/2024,130.1,130.2,127.71,129.1,13723703,864
1617,6/26/2024,130.1,130.89,128.51,130.89,7158131,865
1618,6/27/2024,130.39,133.17,129.9,131.88,6409612,866
1619,6/28/2024,131.88,131.88,129.5,129.6,6641381,867
1620,7/1/2024,129.5,129.5,127.61,127.71,6386361,868
1621,7/2/2024,127.71,131.19,126.62,127.12,6735345,869
1622,7/3/2024,129.6,131.88,129.2,130.1,7642345,870
1623,7/4/2024,131.19,134.86,131.19,134.86,8129152,871
1624,7/5/2024,135.16,138.74,135.16,137.74,7807749,872
1625,7/8/2024,137.54,138.64,136.55,138.64,5876745,873
1626,7/9/2024,138.14,138.34,135.06,136.55,9689262,874
1627,7/10/2024,135.06,136.05,133.08,133.08,6309470,875
1628,7/11/2024,133.17,134.47,131.59,132.08,6857179,876
1629,7/12/2024,131.29,135.06,131.29,132.88,3562395,877
1630,7/15/2024,132.58,133.87,131.39,131.78,3074934,878
1631,7/16/2024,132.68,133.57,131.39,133.08,4007693,879
1632,7/17/2024,133.08,133.17,129,130.99,6980219,880
1633,7/18/2024,130.49,130.49,126.92,127.02,10828773,881
1634,7/19/2024,127.71,128.41,125.13,125.13,6581002,882
1635,7/22/2024,125.13,125.13,122.35,123.24,6242427,883
1636,7/23/2024,124.04,126.62,123.94,124.63,5323805,884
1637,7/24/2024,124.63,125.73,123.14,125.13,4160841,885
1638,7/25/2024,123.34,124.63,123.24,124.14,2569074,886
1639,7/26/2024,125.03,127.12,123.54,127.12,3959362,887
1640,7/29/2024,129.1,129.7,128.11,128.11,4867859,888
1641,7/30/2024,128.11,128.61,126.12,127.12,2383126,889
1642,7/31/2024,126.42,127.71,125.73,127.71,2875191,890
1643,8/1/2024,128.71,128.81,123.24,123.94,6904015,891
1644,8/2/2024,121.26,123.94,120.17,122.35,9975015,892
1645,8/5/2024,120.26,122.05,116.59,117.78,10450171,893
1646,8/6/2024,119.17,121.06,118.97,119.97,6748144,894
1647,8/7/2024,120.17,121.16,119.37,121.16,2832328,895
1648,8/8/2024,120.76,121.56,120.07,120.56,2663832,896
1649,8/9/2024,121.56,126.02,121.16,126.02,5511755,897
1650,8/12/2024,126.02,129.3,125.33,129.1,6204408,898
1651,8/13/2024,128.81,129.3,127.12,128.81,4110939,899
1652,8/14/2024,129.8,130.59,128.61,128.61,2869469,900
1653,8/15/2024,128.21,128.61,127.32,127.81,2266445,901
1654,8/16/2024,128.21,130.1,128.21,129.7,5109223,902
1655,8/19/2024,130.2,130.49,129.1,129.6,2508560,903
1656,8/20/2024,129.8,131.59,129.8,130.59,3753490,904
1657,8/21/2024,129.7,132.88,129.7,132.58,6137230,905
1658,8/22/2024,133.08,133.57,132.58,132.88,3032995,906
1659,8/23/2024,132.78,132.78,131.49,132.18,3064441,907
1660,8/26/2024,132.38,132.58,130.59,130.59,2598875,908
1661,8/27/2024,130.59,131.69,129.5,131.59,2346895,909
1662,8/28/2024,132.08,133.57,131.98,132.38,2721387,910
1663,8/29/2024,131.88,132.88,131.29,132.78,2098979,911
1664,8/30/2024,132.58,133.97,132.08,133.87,3327420,912
1665,9/4/2024,132.08,132.08,130.59,132.08,4547807,913
1666,9/5/2024,132.08,132.08,128.81,129.7,8071651,914
1667,9/6/2024,129.6,131.98,129.4,131.19,3829410,915
1668,9/9/2024,129.9,130.99,129.2,130.39,2891093,916
1669,9/10/2024,130.1,130.1,128.71,129.1,4203583,917
1670,9/11/2024,129.1,130.39,128.9,129.7,3196732,918
1671,9/12/2024,130.1,131.59,130.1,131.39,4124400,919
1672,9/13/2024,131.29,132.48,131.09,132.08,3191984,920
1673,9/16/2024,130.89,132.08,130.2,130.2,1921844,921
1674,9/17/2024,130.29,131.98,130.29,131.98,2656869,922
1675,9/18/2024,132.48,134.27,131.98,133.67,5390349,923
1676,9/19/2024,134.07,134.86,133.37,134.27,5162767,924
1677,9/20/2024,135.36,136.05,134.07,134.37,3728818,925
1678,9/23/2024,134.96,134.96,132.48,133.08,2449563,926
1679,9/24/2024,133.08,133.77,132.78,133.57,2017214,927
1680,9/25/2024,133.37,133.87,132.68,133.87,4486319,928
1681,9/26/2024,134.07,134.07,132.98,133.37,2821536,929
1682,9/27/2024,133.37,133.47,132.58,133.27,3358474,930
1683,9/30/2024,133.27,133.57,132.08,133.57,3037449,931
1684,10/1/2024,133.77,135.26,133.77,134.96,4732079,932
1685,10/2/2024,133.67,134.96,133.67,134.47,1725815,933
1686,10/3/2024,134.47,135.16,133.08,133.08,2306560,934
1687,10/4/2024,133.37,133.87,132.58,133.17,1473158,935
1688,10/7/2024,133.27,133.97,132.68,133.17,1336595,936
1689,10/8/2024,133.17,134.17,132.68,132.88,2114750,937
1690,10/9/2024,133.37,134.86,133.37,134.47,2626409,938
1691,10/10/2024,134.86,141.02,134.86,140.72,9980507,939
1692,10/11/2024,141.02,141.81,138.64,138.64,3824418,940
1693,10/14/2024,140.13,140.33,136.15,136.65,5616349,941
1694,10/15/2024,136.65,137.64,135.66,136.05,2869640,942
1695,10/16/2024,135.46,136.15,135.06,135.36,2762322,943
1696,10/17/2024,135.56,136.15,134.57,136.05,2584896,944
1697,10/18/2024,136.45,136.85,135.66,136.05,2175065,945
1698,10/21/2024,136.05,136.75,134.57,134.57,2688428,946
1699,10/22/2024,134.76,134.76,132.08,132.18,6022016,947
1700,10/23/2024,131.98,133.87,131.69,133.27,3019672,948
1701,10/24/2024,133.27,133.37,132.88,133.37,2281798,949
1702,10/25/2024,133.37,133.67,132.68,133.08,1843711,950
1703,10/28/2024,133.17,134.07,132.68,133.97,1509996,951
1704,10/29/2024,134.47,134.57,133.87,134.47,2462885,952
1705,10/30/2024,134.47,134.96,134.27,134.96,1713550,953
1706,10/31/2024,134.96,135.06,134.37,134.96,1244928,954
1707,11/1/2024,134.07,134.07,132.68,133.67,2676189,955
1708,11/4/2024,133.67,133.67,131.78,131.88,3188263,956
1709,11/5/2024,132.08,133.08,131.39,131.69,1663185,957
1710,11/6/2024,132.18,133.67,132.08,133.67,1805646,958
1711,11/7/2024,134.37,136.65,133.27,134.17,3579749,959
1712,11/8/2024,135.16,135.86,134.17,134.86,2110766,960
1713,11/11/2024,135.56,138.54,135.06,137.35,5301235,961
1714,11/12/2024,137.64,137.94,134.96,135.86,2921656,962
1715,11/13/2024,135.76,137.15,135.16,136.85,3460835,963
1716,11/14/2024,136.95,138.93,135.06,135.06,4743684,964
1717,11/15/2024,134.37,134.76,131.69,132.98,6574421,965
1718,11/18/2024,133.08,133.67,131.59,133.08,3910975,966
1719,11/19/2024,132.58,132.68,129,129.1,7652727,967
1720,11/20/2024,129.1,131.49,125.83,131.49,8474055,968
1721,11/21/2024,131.49,132.08,130.1,132.08,3183165,969
1722,11/22/2024,131.98,133.47,131.59,132.98,2920914,970
1723,11/25/2024,133.08,133.08,132.28,132.98,1855059,971
1724,11/26/2024,132.48,134.96,132.38,134.27,4182343,972
1725,11/27/2024,134.27,138.74,134.27,137.94,9826373,973
1726,11/28/2024,138.44,139.03,137.35,138.44,4750858,974
1727,11/29/2024,138.44,144.4,138.04,143.3,11617080,975
1728,12/2/2024,144.3,146,141.6,142.2,6629554,976
1729,12/3/2024,141.7,145.9,141.7,145,5115471,977
1730,12/4/2024,145,146.3,142.8,143.5,5618586,978
1731,12/5/2024,144,148.5,143.6,148.5,4862983,979
1732,12/6/2024,151.9,151.9,148,149.5,4554818,980
1733,12/9/2024,149.2,149.5,146.1,147,4551406,981
1734,12/10/2024,147.1,149.5,147,149.5,3603755,982
1735,12/11/2024,150,151.7,149.7,150.5,4828035,983
1736,12/12/2024,151.9,151.9,149.2,150.2,4158310,984
1737,12/13/2024,149.5,150.9,149.4,149.5,3379800,985
1738,12/16/2024,149.6,150.6,149.5,149.9,3291100,986
1739,12/17/2024,150.1,150.5,147.7,148,5947500,987
1740,12/18/2024,148,149.8,148,148.7,2923400,988
1741,12/19/2024,147.3,149,147.2,148.1,4805200,989
1742,12/20/2024,148.5,150.6,148.3,149.5,3538900,990
1743,12/23/2024,149.5,149.9,148.7,149.8,2514800,991
1744,12/24/2024,150,150.8,149.4,150.4,2300900,992
1745,12/25/2024,150.6,151.2,150.4,150.8,2513100,993
1746,12/26/2024,151,151.4,149.1,149.8,2233300,994
1747,12/27/2024,149.5,149.9,148.7,149.6,2561700,995
1748,12/30/2024,149.4,150.8,148.5,150.5,1982400,996
1749,12/31/2024,150.7,153.9,150.3,152.5,3603200,997
