,Unnamed: 0,time,open,high,low,close,volume
0,0,2018-01-02,22.98,23.58,22.81,23.41,2801720
1,1,2018-01-03,23.62,23.71,23.2,23.37,1843870
2,2,2018-01-04,23.24,23.58,23.11,23.58,1990040
3,3,2018-01-05,23.45,23.45,22.94,22.98,2045200
4,4,2018-01-08,22.98,23.62,22.56,23.58,2071140
5,5,2018-01-09,23.83,24.9,23.2,24.9,2853160
6,6,2018-01-10,24.81,25.2,24.39,24.69,2842830
7,7,2018-01-11,24.47,25.03,24.35,25.03,1766240
8,8,2018-01-12,25.03,25.28,24.69,24.69,2525840
9,9,2018-01-15,24.69,25.54,24.26,25.54,2061850
10,10,2018-01-16,25.24,25.66,25.03,25.54,2218380
11,11,2018-01-17,25.45,25.49,23.92,23.92,2077670
12,12,2018-01-18,23.83,24.9,23.79,24.9,2845720
13,13,2018-01-19,24.94,26.13,24.81,25.96,2998270
14,14,2018-01-22,26.39,26.98,26.26,26.94,2300660
15,15,2018-01-23,26.94,26.94,26.94,26.94,0
16,16,2018-01-24,26.94,26.94,26.94,26.94,0
17,17,2018-01-25,27.88,28.81,27.15,28.81,4788340
18,18,2018-01-26,29.54,29.79,28.3,29.41,2617800
19,19,2018-01-29,29.79,30.43,28.86,28.94,2281360
20,20,2018-01-30,28.3,28.86,28.18,28.52,2818520
21,21,2018-01-31,28.52,29.33,28.18,28.35,1936300
22,22,2018-02-01,28.26,28.86,28.01,28.35,2166810
23,23,2018-02-02,28.73,28.73,28.35,28.69,1652660
24,24,2018-02-05,28.09,28.52,26.69,26.69,2687810
25,25,2018-02-06,24.86,26.81,24.86,26.39,6724710
26,26,2018-02-07,27.67,27.75,26.73,27.03,1635780
27,27,2018-02-08,26.64,27.03,26.18,26.77,855160
28,28,2018-02-09,24.9,26.52,24.9,25.92,2408810
29,29,2018-02-12,26.39,27.03,25.84,27.03,1847850
30,30,2018-02-13,27.37,27.62,27.07,27.24,1527780
31,31,2018-02-21,27.67,28.9,27.45,28.18,2132410
32,32,2018-02-22,27.92,28.69,27.84,28.43,2352100
33,33,2018-02-23,28.52,30.39,28.39,30.39,4825770
34,34,2018-02-26,31.62,31.62,30.39,30.6,3453290
35,35,2018-02-27,31.03,31.28,30.52,31.16,2249770
36,36,2018-02-28,30.69,31.92,30.64,31.41,3475320
37,37,2018-03-01,30.9,31.75,30.22,30.43,3615670
38,38,2018-03-02,29.79,30.64,29.79,30.56,2525210
39,39,2018-03-05,30.64,30.86,28.94,28.94,2914810
40,40,2018-03-06,29.37,30.43,28.81,30.3,3103920
41,41,2018-03-07,30.43,30.6,29.15,29.62,2277620
42,42,2018-03-08,29.62,29.96,29.28,29.58,1554260
43,43,2018-03-09,30.01,30.43,29.62,30.22,3236520
44,44,2018-03-12,30.64,31.24,30.43,30.64,2899140
45,45,2018-03-13,30.64,30.9,30.05,30.64,2146470
46,46,2018-03-14,30.9,31.62,30.9,31.41,4053460
47,47,2018-03-15,31.07,31.71,30.99,31.41,2111990
48,48,2018-03-16,31.71,32.05,31.54,31.79,5327050
49,49,2018-03-19,32.18,32.56,31.07,31.62,2803610
50,50,2018-03-20,31.2,31.88,31.2,31.5,1836040
51,51,2018-03-21,31.71,32.01,31.28,31.28,2952180
52,52,2018-03-22,31.5,31.5,30.64,30.64,3871380
53,53,2018-03-23,29.15,30.09,29.15,29.75,4563730
54,54,2018-03-26,29.79,30.6,29.62,30.6,1821910
55,55,2018-03-27,30.99,31.03,30.05,30.22,2322350
56,56,2018-03-28,29.75,30.35,29.71,30.01,1643300
57,57,2018-03-29,30.13,30.47,29.84,30.22,1457380
58,58,2018-03-30,30.22,30.39,29.88,30.01,1280140
59,59,2018-04-02,30.22,31.5,30.13,31.5,3055600
60,60,2018-04-03,31.5,32.05,31.28,31.62,3500060
61,61,2018-04-04,31.71,31.84,31.28,31.28,2089100
62,62,2018-04-05,31.41,31.5,30.9,31.28,1763710
63,63,2018-04-06,31.33,31.84,31.24,31.28,2346040
64,64,2018-04-09,31.28,31.62,31.28,31.41,2693260
65,65,2018-04-10,31.71,32.05,31.33,31.71,5026810
66,66,2018-04-11,31.79,31.84,29.79,30.3,3911130
67,67,2018-04-12,30.18,30.43,29.79,30.18,3262970
68,68,2018-04-13,30.35,30.39,28.73,28.9,5148440
69,69,2018-04-16,28.6,28.77,27.71,28.05,3992890
70,70,2018-04-17,28.09,28.52,27.88,28.52,2104840
71,71,2018-04-18,28.86,28.86,27.58,27.58,2005410
72,72,2018-04-19,27.41,27.45,25.96,25.96,4909820
73,73,2018-04-20,26.05,27.24,25.84,27.24,2996320
74,74,2018-04-23,27.45,27.58,25.37,25.37,2876760
75,75,2018-04-24,25.11,25.84,24.69,25.54,4451970
76,76,2018-04-26,25.54,26.09,24.69,24.77,4669710
77,77,2018-04-27,24.77,25.62,24.73,25.54,2940100
78,78,2018-05-02,25.79,25.96,24.6,24.77,2862030
79,79,2018-05-03,24.77,25.41,24.22,25.37,3451890
80,80,2018-05-04,25.62,25.84,25.07,25.11,3234250
81,81,2018-05-07,25.45,26.43,25.24,26.43,3511210
82,82,2018-05-08,26.09,26.47,25.96,25.96,2947160
83,83,2018-05-09,25.84,25.96,25.32,25.32,2787480
84,84,2018-05-10,25.49,25.62,23.66,24.05,4433980
85,85,2018-05-11,24.05,24.69,23.2,24.64,3954360
86,86,2018-05-14,24.77,24.9,24.22,24.81,1522180
87,87,2018-05-15,24.81,25.45,24.77,24.98,2498910
88,88,2018-05-16,24.9,25.07,24.26,24.26,2368960
89,89,2018-05-17,24.26,24.43,23.92,24.18,2079780
90,90,2018-05-18,24.22,24.3,23.32,24.05,2437850
91,91,2018-05-21,24.05,24.43,23.71,23.71,1835620
92,92,2018-05-22,23.37,23.62,22.13,22.73,3235250
93,93,2018-05-23,22.56,23.2,22.13,23.2,2045320
94,94,2018-05-24,23.2,23.32,22.56,22.69,1312180
95,95,2018-05-25,22.73,22.86,21.28,21.28,2718610
96,96,2018-05-28,20.86,21.11,19.92,19.92,4579370
97,97,2018-05-29,20.22,21.28,19.92,21.28,2610350
98,98,2018-05-30,21.71,22.47,21.49,22.13,4432950
99,99,2018-05-31,21.92,23.2,21.88,23.03,3736400
100,100,2018-06-01,23.03,24.47,22.94,24.26,5930650
101,101,2018-06-04,24.05,25.37,23.83,25.24,3837380
102,102,2018-06-05,24.94,25.37,24.56,24.94,3532580
103,103,2018-06-06,24.73,25.41,24.52,25.15,2183260
104,104,2018-06-07,25.11,25.24,24.86,24.98,2538580
105,105,2018-06-08,24.81,25.71,24.81,25.41,2693680
106,106,2018-06-11,25.28,25.66,24.9,25.11,2453150
107,107,2018-06-12,24.9,25.11,24.05,24.69,3024500
108,108,2018-06-13,24.52,25.49,24.52,25.49,2054850
109,109,2018-06-14,25.49,25.49,24.69,24.73,2814340
110,110,2018-06-15,24.47,25.11,24.43,25.11,2557670
111,111,2018-06-18,25.07,25.11,23.83,24.05,2461860
112,112,2018-06-19,23.2,24.05,22.98,24.05,5149160
113,113,2018-06-20,24.26,24.98,23.92,24.73,2767440
114,114,2018-06-21,24.69,24.77,24.0,24.26,1637920
115,115,2018-06-22,23.88,24.98,23.62,24.98,2529630
116,116,2018-06-25,25.54,25.62,25.07,25.28,2415610
117,117,2018-06-26,24.9,25.28,24.69,25.24,1346430
118,118,2018-06-27,25.11,25.75,24.69,24.69,2602270
119,119,2018-06-28,24.26,24.98,24.26,24.64,2114670
120,120,2018-06-29,24.64,24.98,24.18,24.69,1439520
121,121,2018-07-02,24.47,24.86,23.58,24.73,2846420
122,122,2018-07-03,24.81,24.81,23.83,23.83,3355250
123,123,2018-07-04,23.92,24.05,23.28,23.66,2452480
124,124,2018-07-05,23.58,23.66,22.13,22.13,2865870
125,125,2018-07-06,21.75,23.58,21.49,23.41,3443450
126,126,2018-07-09,23.41,24.0,22.98,22.98,1434270
127,127,2018-07-10,23.62,23.62,22.6,22.6,1360490
128,128,2018-07-11,22.09,22.35,21.32,21.79,3312190
129,129,2018-07-12,21.79,22.81,21.49,22.3,1422890
130,130,2018-07-13,22.69,23.37,22.13,23.32,1709410
131,131,2018-07-16,23.41,23.62,23.11,23.37,1302130
132,132,2018-07-17,22.98,23.75,22.98,23.75,1594780
133,133,2018-07-18,23.75,24.47,23.75,24.47,2473610
134,134,2018-07-19,24.56,24.6,24.13,24.18,1704000
135,135,2018-07-20,24.05,24.35,23.45,24.18,2204900
136,136,2018-07-23,24.18,24.86,24.05,24.09,2618240
137,137,2018-07-24,24.26,24.43,23.83,24.26,1683260
138,138,2018-07-25,24.39,24.43,23.54,23.54,1257900
139,139,2018-07-26,23.58,24.13,23.2,24.13,2107890
140,140,2018-07-27,24.13,24.39,23.92,24.05,979280
141,141,2018-07-30,24.26,24.43,24.05,24.39,1288790
142,142,2018-07-31,24.3,25.24,24.18,24.9,3438180
143,143,2018-08-01,25.15,25.2,24.86,24.94,1902040
144,144,2018-08-02,24.77,25.11,24.56,25.11,1855340
145,145,2018-08-03,25.32,25.41,24.73,24.9,1770230
146,146,2018-08-06,24.77,25.37,24.77,25.11,1782410
147,147,2018-08-07,25.03,26.35,24.94,26.18,5488590
148,148,2018-08-08,26.22,26.56,25.96,26.43,2193510
149,149,2018-08-09,26.43,26.69,26.09,26.09,2508810
150,150,2018-08-10,25.96,27.03,25.96,27.03,3849630
151,151,2018-08-13,26.81,27.15,26.47,27.15,2397270
152,152,2018-08-14,27.15,27.15,26.69,26.73,1274800
153,153,2018-08-15,26.9,26.98,25.75,25.79,3238040
154,154,2018-08-16,25.54,25.96,25.07,25.79,3426320
155,155,2018-08-17,26.01,26.77,25.88,26.39,2711770
156,156,2018-08-20,26.39,26.6,26.13,26.13,1601770
157,157,2018-08-21,25.96,26.69,25.96,26.69,1724610
158,158,2018-08-22,26.73,26.81,26.35,26.35,1490660
159,159,2018-08-23,26.39,26.73,26.22,26.64,1301270
160,160,2018-08-24,26.64,26.64,26.3,26.39,1779380
161,161,2018-08-27,26.6,27.03,26.56,26.86,1805900
162,162,2018-08-28,27.03,27.37,26.77,27.24,2588320
163,163,2018-08-29,27.2,27.28,26.86,26.86,1117930
164,164,2018-08-30,26.86,27.32,26.56,27.15,1336350
165,165,2018-08-31,27.15,27.24,26.39,26.6,1949400
166,166,2018-09-04,26.6,26.64,25.92,25.96,2050280
167,167,2018-09-05,25.96,26.3,25.66,25.79,1766180
168,168,2018-09-06,25.79,25.96,25.62,25.66,796450
169,169,2018-09-07,25.58,26.47,25.58,26.39,1595530
170,170,2018-09-10,26.39,26.64,26.01,26.39,1505560
171,171,2018-09-11,26.18,26.86,26.18,26.81,1543540
172,172,2018-09-12,26.9,27.07,26.6,26.64,1590110
173,173,2018-09-13,26.73,26.98,26.64,26.77,1069800
174,174,2018-09-14,26.9,27.41,26.9,27.24,2405940
175,175,2018-09-17,27.24,27.24,26.77,26.77,1007490
176,176,2018-09-18,26.6,26.94,26.52,26.94,1077110
177,177,2018-09-19,27.11,27.11,26.86,26.94,1075000
178,178,2018-09-20,26.94,27.5,26.94,27.41,1709890
179,179,2018-09-21,27.67,27.96,27.24,27.5,4889170
180,180,2018-09-24,27.88,27.96,27.58,27.75,1094970
181,181,2018-09-25,27.58,27.75,27.41,27.41,1031520
182,182,2018-09-26,27.41,27.62,27.15,27.15,2099660
183,183,2018-09-27,27.15,27.32,26.9,26.98,2121040
184,184,2018-09-28,27.11,27.24,26.81,26.81,2104400
185,185,2018-10-01,27.03,27.03,26.6,26.6,1932610
186,186,2018-10-02,26.6,26.86,26.47,26.81,1601040
187,187,2018-10-03,26.98,27.03,26.6,26.81,1034920
188,188,2018-10-04,26.81,27.24,26.73,26.81,2298750
189,189,2018-10-05,26.94,27.16,26.77,26.77,1633520
190,190,2018-10-08,26.73,26.9,26.56,26.56,1347760
191,191,2018-10-09,26.64,26.81,26.56,26.6,868060
192,192,2018-10-10,26.68,26.73,26.47,26.6,781330
193,193,2018-10-11,25.87,25.87,24.79,24.87,3432840
194,194,2018-10-12,24.57,25.82,24.57,25.82,2266290
195,195,2018-10-15,25.78,25.87,25.31,25.48,1155630
196,196,2018-10-16,25.43,25.69,25.39,25.52,1079700
197,197,2018-10-17,25.82,25.82,25.48,25.52,1293490
198,198,2018-10-18,25.43,25.52,24.96,25.0,1605080
199,199,2018-10-19,24.57,25.26,24.57,24.87,1188910
200,200,2018-10-22,25.22,25.35,24.62,24.62,1204690
201,201,2018-10-23,24.57,24.7,23.28,24.06,2346810
202,202,2018-10-24,24.06,24.4,23.93,23.93,1474260
203,203,2018-10-25,22.85,23.8,22.85,23.62,1744120
204,204,2018-10-26,24.1,24.1,23.06,23.06,1220360
205,205,2018-10-29,22.98,23.24,22.63,22.8,1261730
206,206,2018-10-30,22.8,23.41,22.72,23.37,1337430
207,207,2018-10-31,23.37,24.44,23.37,23.97,1245750
208,208,2018-11-01,24.06,24.1,23.62,23.71,1221200
209,209,2018-11-02,23.71,24.27,23.71,24.23,1136910
210,210,2018-11-05,24.1,24.36,23.97,24.36,873020
211,211,2018-11-06,24.57,24.57,24.06,24.06,667710
212,212,2018-11-07,24.06,24.23,23.75,23.93,668290
213,213,2018-11-08,24.44,24.49,24.01,24.01,575720
214,214,2018-11-09,23.8,24.01,23.41,23.41,885690
215,215,2018-11-12,23.28,23.54,22.76,23.54,687980
216,216,2018-11-13,22.98,23.41,22.98,23.11,601520
217,217,2018-11-14,23.11,23.41,22.76,22.93,530120
218,218,2018-11-15,22.93,23.11,22.63,23.02,828510
219,219,2018-11-16,23.28,23.32,22.89,22.93,1227840
220,220,2018-11-19,23.28,23.28,22.93,23.28,1145500
221,221,2018-11-20,23.28,23.28,22.98,23.19,1086240
222,222,2018-11-21,22.89,23.88,22.85,23.88,1908000
223,223,2018-11-22,23.71,23.93,23.58,23.62,961120
224,224,2018-11-23,23.58,23.71,23.28,23.28,897050
225,225,2018-11-26,23.28,23.41,23.15,23.28,673900
226,226,2018-11-27,23.45,23.58,22.93,23.02,1284900
227,227,2018-11-28,23.02,23.75,23.02,23.75,1483680
228,228,2018-11-29,23.97,24.31,23.71,23.71,2360280
229,229,2018-11-30,23.67,24.14,23.62,23.88,1430640
230,230,2018-12-03,24.44,25.0,24.23,25.0,2226730
231,231,2018-12-04,24.92,25.13,24.62,24.83,1367410
232,232,2018-12-05,24.57,25.09,24.36,24.92,2014850
233,233,2018-12-06,24.74,25.0,24.44,24.53,2258320
234,234,2018-12-07,24.74,24.87,24.62,24.66,835390
235,235,2018-12-10,24.66,24.74,24.4,24.53,1050910
236,236,2018-12-11,24.53,24.66,24.23,24.49,1119050
237,237,2018-12-12,24.7,25.0,24.49,25.0,1466430
238,238,2018-12-13,25.13,25.18,24.83,24.83,851900
239,239,2018-12-14,24.79,24.83,24.36,24.36,880580
240,240,2018-12-17,24.14,24.31,23.62,23.62,1787440
241,241,2018-12-18,23.32,23.93,23.32,23.75,1459730
242,242,2018-12-19,23.75,23.88,23.32,23.45,1131780
243,243,2018-12-20,23.41,23.8,23.41,23.54,877260
244,244,2018-12-21,23.49,23.49,23.19,23.49,1690120
245,245,2018-12-24,23.49,23.67,22.89,22.89,864160
246,246,2018-12-25,22.42,22.85,21.99,22.72,1964060
247,247,2018-12-26,22.68,23.06,22.68,22.76,782180
248,248,2018-12-27,23.28,23.41,23.06,23.06,571770
249,249,2018-12-28,23.19,23.49,22.98,23.06,781690
250,250,2019-01-02,23.24,23.41,23.06,23.11,1081640
251,251,2019-01-03,23.28,23.32,22.72,23.11,1071350
252,252,2019-01-04,22.98,23.45,22.68,23.45,1307310
253,253,2019-01-07,23.84,23.93,23.49,23.54,1175810
254,254,2019-01-08,23.71,23.8,23.49,23.71,1318810
255,255,2019-01-09,23.93,24.18,23.62,24.06,1136370
256,256,2019-01-10,24.06,24.06,23.71,23.71,794870
257,257,2019-01-11,23.8,23.93,23.67,23.8,1115410
258,258,2019-01-14,23.8,23.93,23.67,23.84,759980
259,259,2019-01-15,23.84,24.18,23.8,24.1,1071080
260,260,2019-01-16,24.27,24.27,23.71,23.88,706160
261,261,2019-01-17,23.84,24.01,23.75,23.8,460060
262,262,2019-01-18,23.8,23.88,23.62,23.62,542400
263,263,2019-01-21,23.54,24.23,23.49,24.06,870530
264,264,2019-01-22,24.14,24.14,23.8,23.8,398340
265,265,2019-01-23,23.67,23.93,23.67,23.88,514720
266,266,2019-01-24,23.88,23.97,23.71,23.88,463870
267,267,2019-01-25,23.93,24.18,23.88,24.06,1008850
268,268,2019-01-28,24.14,24.14,23.93,23.93,336990
269,269,2019-01-29,23.93,24.44,23.8,24.44,973050
270,270,2019-01-30,24.44,24.66,24.44,24.44,1152720
271,271,2019-01-31,24.49,24.74,24.49,24.49,1147760
272,272,2019-02-01,24.57,24.74,24.36,24.36,827040
273,273,2019-02-11,24.57,25.09,24.49,25.05,1395030
274,274,2019-02-12,25.05,25.43,24.92,25.26,1683680
275,275,2019-02-13,25.26,25.82,25.26,25.78,1853680
276,276,2019-02-14,25.78,26.0,25.69,25.95,1629070
277,277,2019-02-15,25.87,25.87,25.52,25.56,1249180
278,278,2019-02-18,25.65,25.87,25.65,25.87,1027840
279,279,2019-02-19,25.87,25.95,25.43,25.43,1304520
280,280,2019-02-20,25.56,25.69,25.39,25.48,818480
281,281,2019-02-21,25.65,25.91,25.48,25.91,2044240
282,282,2019-02-22,25.95,26.9,25.87,26.73,2502840
283,283,2019-02-25,26.94,27.55,26.86,27.33,2079790
284,284,2019-02-26,27.33,27.37,26.68,27.16,1976570
285,285,2019-02-27,27.07,27.16,26.56,26.68,1148480
286,286,2019-02-28,26.68,26.94,26.08,26.08,2027080
287,287,2019-03-01,26.3,26.81,26.21,26.81,713500
288,288,2019-03-04,26.81,27.16,26.81,27.07,1347480
289,289,2019-03-05,27.07,27.5,26.94,27.16,1576750
290,290,2019-03-06,27.2,27.29,26.68,27.03,1081870
291,291,2019-03-07,27.03,27.5,26.99,27.2,1897450
292,292,2019-03-08,26.9,27.16,26.77,27.07,997370
293,293,2019-03-11,26.9,27.03,26.68,26.99,1020600
294,294,2019-03-12,27.16,27.93,27.03,27.93,2194380
295,295,2019-03-13,28.02,28.11,27.81,28.11,1680350
296,296,2019-03-14,28.11,28.88,27.81,28.84,2115850
297,297,2019-03-15,28.97,28.97,28.45,28.45,2616060
298,298,2019-03-18,28.67,29.23,28.67,29.14,1936700
299,299,2019-03-19,29.14,29.14,28.75,28.8,1390640
300,300,2019-03-20,28.75,28.97,28.54,28.75,2441040
301,301,2019-03-21,28.84,29.27,28.67,28.71,1525770
302,302,2019-03-22,28.8,28.88,28.67,28.84,1375420
303,303,2019-03-25,28.02,28.45,27.59,28.24,1635900
304,304,2019-03-26,28.5,28.67,28.24,28.24,1127550
305,305,2019-03-27,28.41,28.41,27.89,28.24,538180
306,306,2019-03-28,28.32,28.75,28.19,28.75,742470
307,307,2019-03-29,28.88,29.1,28.8,29.01,678050
308,308,2019-04-01,29.27,29.27,29.14,29.23,684060
309,309,2019-04-02,29.31,29.53,29.1,29.1,556970
310,310,2019-04-03,29.1,29.14,28.67,28.97,445650
311,311,2019-04-04,28.97,29.27,28.8,29.19,948960
312,312,2019-04-05,29.23,29.4,29.23,29.36,477530
313,313,2019-04-08,29.36,30.05,29.27,30.05,1121900
314,314,2019-04-09,30.05,30.18,29.92,30.09,759180
315,315,2019-04-10,29.96,29.96,29.66,29.7,719030
316,316,2019-04-11,29.75,29.75,29.19,29.53,405090
317,317,2019-04-12,29.57,29.57,29.14,29.31,355400
318,318,2019-04-16,29.31,29.31,28.62,29.06,404640
319,319,2019-04-17,29.27,29.4,28.88,29.31,516710
320,320,2019-04-18,29.1,29.62,29.1,29.27,554820
321,321,2019-04-19,29.27,29.53,29.27,29.31,232550
322,322,2019-04-22,28.93,29.36,28.88,29.27,313210
323,323,2019-04-23,29.31,29.31,28.5,29.1,1260620
324,324,2019-04-24,29.1,29.83,29.1,29.53,684540
325,325,2019-04-25,29.53,29.53,29.19,29.19,348700
326,326,2019-04-26,29.23,29.44,29.1,29.27,277260
327,327,2019-05-02,29.14,29.27,28.62,28.84,628430
328,328,2019-05-03,28.8,28.97,28.5,28.75,789780
329,329,2019-05-06,28.54,28.8,28.41,28.58,364560
330,330,2019-05-07,28.58,28.88,27.93,28.28,1103060
331,331,2019-05-08,27.85,28.28,27.85,28.06,947120
332,332,2019-05-09,28.19,28.45,28.06,28.24,659180
333,333,2019-05-10,28.24,28.5,28.11,28.28,554370
334,334,2019-05-13,28.37,28.5,28.28,28.41,475420
335,335,2019-05-14,28.19,28.71,28.19,28.71,628480
336,336,2019-05-15,28.75,29.06,28.67,28.8,734230
337,337,2019-05-16,28.8,29.06,28.8,28.8,412210
338,338,2019-05-17,28.8,28.88,28.71,28.8,449040
339,339,2019-05-20,28.8,29.36,28.75,29.23,607060
340,340,2019-05-21,29.27,29.49,29.19,29.19,473170
341,341,2019-05-22,29.1,29.57,28.88,28.97,662700
342,342,2019-05-23,29.06,29.31,28.93,29.14,378440
343,343,2019-05-24,29.01,29.31,28.5,28.67,931250
344,344,2019-05-27,28.88,29.23,28.67,29.06,341320
345,345,2019-05-28,28.88,29.57,28.8,29.06,664400
346,346,2019-05-29,29.14,29.36,28.97,29.1,313510
347,347,2019-05-30,29.1,29.36,29.01,29.19,320900
348,348,2019-05-31,29.1,29.31,28.8,28.97,712090
349,349,2019-06-03,28.67,28.97,27.59,28.67,593660
350,350,2019-06-04,28.45,29.1,28.41,28.97,387780
351,351,2019-06-05,28.97,29.1,28.75,28.75,269120
352,352,2019-06-06,28.75,28.75,28.02,28.41,394550
353,353,2019-06-07,28.67,28.88,28.11,28.28,490880
354,354,2019-06-10,28.8,29.1,28.45,28.75,585460
355,355,2019-06-11,28.67,29.1,28.67,29.06,280100
356,356,2019-06-12,29.06,29.1,28.84,28.88,212910
357,357,2019-06-13,28.88,29.1,28.62,29.01,546960
358,358,2019-06-14,29.1,30.0,29.01,29.83,2478770
359,359,2019-06-17,29.83,30.31,29.75,29.83,1018520
360,360,2019-06-18,29.75,30.39,29.4,30.31,958120
361,361,2019-06-19,30.35,30.48,29.92,30.09,767310
362,362,2019-06-20,30.05,30.82,30.0,30.82,934290
363,363,2019-06-21,30.61,31.04,30.61,30.61,1785930
364,364,2019-06-24,30.82,31.81,30.61,31.47,1407410
365,365,2019-06-25,31.38,31.38,31.04,31.21,390840
366,366,2019-06-26,31.21,31.25,30.39,30.39,918850
367,367,2019-06-27,30.61,30.61,29.92,29.96,1187150
368,368,2019-06-28,30.0,31.04,29.49,30.39,830140
369,369,2019-07-01,30.61,31.0,30.56,30.74,565640
370,370,2019-07-02,30.82,30.82,30.31,30.39,363020
371,371,2019-07-03,30.39,30.61,30.0,30.0,796720
372,372,2019-07-04,30.18,31.25,30.05,31.25,1125010
373,373,2019-07-05,31.25,31.3,31.04,31.3,425620
374,374,2019-07-08,31.04,31.17,30.61,30.74,723300
375,375,2019-07-09,30.82,31.0,30.44,31.0,668550
376,376,2019-07-10,31.25,31.34,31.0,31.25,639160
377,377,2019-07-11,31.3,32.16,31.3,31.9,1286980
378,378,2019-07-12,31.9,32.12,31.73,31.77,926210
379,379,2019-07-15,31.77,32.33,31.77,32.33,1089930
380,380,2019-07-16,32.55,33.63,32.5,33.28,1901200
381,381,2019-07-17,32.98,33.24,32.68,32.85,802350
382,382,2019-07-18,32.72,33.28,32.59,32.94,858680
383,383,2019-07-19,32.94,34.4,32.94,34.06,1316760
384,384,2019-07-22,34.06,34.27,33.93,34.06,930520
385,385,2019-07-23,34.01,34.19,33.84,34.01,626060
386,386,2019-07-24,34.27,34.27,32.98,33.15,1380620
387,387,2019-07-25,33.15,33.54,33.06,33.5,457360
388,388,2019-07-26,33.5,34.36,33.41,33.84,942260
389,389,2019-07-29,33.84,34.92,33.75,34.92,986830
390,390,2019-07-30,35.35,35.57,34.75,34.75,1133490
391,391,2019-07-31,34.49,34.7,34.32,34.57,512820
392,392,2019-08-01,34.57,34.7,34.36,34.7,538850
393,393,2019-08-02,34.36,34.7,34.1,34.1,680000
394,394,2019-08-05,34.14,34.36,33.24,33.37,857570
395,395,2019-08-06,32.94,33.15,32.68,32.89,1172520
396,396,2019-08-07,32.89,33.8,32.89,33.8,567830
397,397,2019-08-08,33.84,34.4,33.67,33.84,612530
398,398,2019-08-09,33.93,34.23,33.8,33.84,638630
399,399,2019-08-12,33.84,33.97,33.28,33.5,475000
400,400,2019-08-13,33.28,33.41,32.72,32.89,809300
401,401,2019-08-14,33.63,33.63,32.89,32.89,354750
402,402,2019-08-15,32.16,34.06,32.16,34.06,510330
403,403,2019-08-16,33.54,33.88,33.54,33.58,551180
404,404,2019-08-19,33.58,33.84,33.06,33.11,692740
405,405,2019-08-20,33.54,33.54,33.06,33.15,453760
406,406,2019-08-21,33.15,34.62,33.06,34.49,1927720
407,407,2019-08-22,34.57,34.66,34.32,34.49,762090
408,408,2019-08-23,34.49,34.57,34.14,34.14,451500
409,409,2019-08-26,33.71,33.88,33.41,33.54,672220
410,410,2019-08-27,33.71,33.97,32.76,32.98,1116480
411,411,2019-08-28,33.11,33.32,33.11,33.19,588810
412,412,2019-08-29,33.15,33.37,32.98,33.11,422240
413,413,2019-08-30,33.19,33.5,33.19,33.5,280130
414,414,2019-09-03,33.54,33.58,33.06,33.54,580830
415,415,2019-09-04,33.41,33.41,33.15,33.32,527770
416,416,2019-09-05,33.28,33.97,33.28,33.45,408900
417,417,2019-09-06,33.63,33.63,33.19,33.32,287990
418,418,2019-09-09,33.32,33.37,33.19,33.28,236440
419,419,2019-09-10,33.28,34.14,33.24,33.5,651950
420,420,2019-09-11,33.32,33.84,33.32,33.71,141450
421,421,2019-09-12,33.84,34.27,33.84,34.27,800240
422,422,2019-09-13,34.4,35.35,34.4,35.31,1408780
423,423,2019-09-16,35.31,35.65,34.83,34.92,697310
424,424,2019-09-17,34.79,35.05,34.7,34.96,896290
425,425,2019-09-18,34.96,35.57,34.7,34.75,809820
426,426,2019-09-19,34.92,35.22,34.7,35.13,527230
427,427,2019-09-20,35.13,35.69,34.92,34.92,2794080
428,428,2019-09-23,35.18,35.31,34.06,34.06,1187100
429,429,2019-09-24,34.27,34.83,34.01,34.75,791470
430,430,2019-09-25,34.49,34.88,34.23,34.79,729340
431,431,2019-09-26,34.79,35.05,34.62,34.92,1040190
432,432,2019-09-27,35.05,35.82,34.83,35.74,1388490
433,433,2019-09-30,35.74,35.91,35.31,35.39,775770
434,434,2019-10-01,35.39,36.04,35.26,35.95,795100
435,435,2019-10-02,35.95,36.08,35.22,35.35,1224650
436,436,2019-10-03,35.26,35.35,34.75,35.35,1003810
437,437,2019-10-04,35.35,36.0,35.26,35.78,1121700
438,438,2019-10-07,36.21,36.43,35.69,35.69,1134390
439,439,2019-10-08,35.69,36.77,35.69,36.69,1461940
440,440,2019-10-09,36.69,36.94,36.43,36.43,860160
441,441,2019-10-10,36.6,36.73,36.43,36.47,753670
442,442,2019-10-11,36.43,36.82,36.38,36.77,730370
443,443,2019-10-14,36.86,37.07,36.64,36.64,620800
444,444,2019-10-15,36.64,36.82,36.51,36.73,648400
445,445,2019-10-16,37.16,37.2,36.94,37.12,668740
446,446,2019-10-17,37.25,37.25,36.56,36.73,1023870
447,447,2019-10-18,36.86,36.99,36.56,36.64,417240
448,448,2019-10-21,36.6,36.6,36.04,36.3,561470
449,449,2019-10-22,36.3,36.99,36.3,36.82,473090
450,450,2019-10-23,36.86,36.99,36.47,36.77,538120
451,451,2019-10-24,36.77,37.51,36.69,37.46,660180
452,452,2019-10-25,37.46,38.15,37.33,37.94,838210
453,453,2019-10-28,37.94,38.02,37.68,37.68,383850
454,454,2019-10-29,37.68,37.72,37.2,37.25,702620
455,455,2019-10-30,37.12,38.02,37.12,37.85,607710
456,456,2019-10-31,37.98,38.15,37.76,37.81,319340
457,457,2019-11-01,37.81,38.54,37.72,38.28,1071470
458,458,2019-11-04,38.5,39.88,38.5,39.66,1091260
459,459,2019-11-05,39.7,39.88,39.1,39.14,616630
460,460,2019-11-06,39.14,39.79,39.1,39.23,673230
461,461,2019-11-07,39.23,39.62,39.23,39.36,360850
462,462,2019-11-08,39.36,39.62,39.14,39.45,416510
463,463,2019-11-11,39.57,39.57,39.23,39.36,423790
464,464,2019-11-12,39.4,39.7,39.36,39.53,595820
465,465,2019-11-13,39.75,39.75,38.8,39.01,706550
466,466,2019-11-14,39.01,39.4,38.88,39.19,375320
467,467,2019-11-15,38.8,39.23,38.54,38.67,565270
468,468,2019-11-18,38.58,38.76,37.72,37.76,700550
469,469,2019-11-19,37.94,39.23,37.94,39.23,526560
470,470,2019-11-20,39.23,39.23,38.58,38.58,516280
471,471,2019-11-21,38.41,38.67,37.72,37.72,1000670
472,472,2019-11-22,37.76,38.15,36.73,36.86,1346230
473,473,2019-11-25,36.86,37.07,35.61,36.43,1445550
474,474,2019-11-26,36.43,36.99,36.43,36.51,727130
475,475,2019-11-27,36.86,37.51,36.77,37.2,484360
476,476,2019-11-28,37.07,37.2,36.6,36.77,494650
477,477,2019-11-29,36.9,36.99,36.64,36.77,318000
478,478,2019-12-02,36.77,36.94,35.78,36.0,438800
479,479,2019-12-03,35.78,36.26,35.35,35.35,635370
480,480,2019-12-04,35.31,36.56,35.13,36.51,376730
481,481,2019-12-05,36.64,36.94,36.47,36.56,378490
482,482,2019-12-06,36.56,36.73,36.38,36.6,256400
483,483,2019-12-09,36.6,36.94,36.38,36.73,400740
484,484,2019-12-10,36.77,37.03,36.64,36.82,512290
485,485,2019-12-11,37.07,37.07,36.73,37.03,415080
486,486,2019-12-12,37.12,37.94,37.07,37.72,464750
487,487,2019-12-13,37.98,38.15,37.72,38.11,746800
488,488,2019-12-16,38.11,38.11,36.64,37.07,665550
489,489,2019-12-17,37.25,37.51,36.77,36.77,266250
490,490,2019-12-18,36.82,37.38,36.77,37.38,845740
491,491,2019-12-19,37.38,38.02,37.07,37.94,1014960
492,492,2019-12-20,37.94,38.15,37.85,38.07,389360
493,493,2019-12-23,38.32,39.23,38.32,39.19,937250
494,494,2019-12-24,39.14,39.14,38.32,38.8,507600
495,495,2019-12-25,38.8,39.19,38.37,38.76,230880
496,496,2019-12-26,39.01,39.01,38.37,38.54,404110
497,497,2019-12-27,38.5,39.01,38.07,39.01,498870
498,498,2019-12-30,39.36,40.1,39.14,39.58,660140
499,499,2019-12-31,39.4,39.62,39.19,39.23,230770
500,500,2020-01-02,39.23,39.75,39.01,39.49,386290
501,501,2020-01-03,39.8,39.93,39.1,39.1,536130
502,502,2020-01-06,38.8,38.93,38.06,38.06,880110
503,503,2020-01-07,37.84,38.23,37.14,38.19,1013270
504,504,2020-01-08,37.79,38.23,37.49,37.84,722280
505,505,2020-01-09,38.14,38.66,38.14,38.58,722670
506,506,2020-01-10,38.58,39.32,38.23,38.93,1526920
507,507,2020-01-13,38.71,39.06,38.71,38.88,1044640
508,508,2020-01-14,38.93,39.14,38.75,38.88,1001130
509,509,2020-01-15,38.97,38.97,38.62,38.84,1471860
510,510,2020-01-16,38.84,39.27,38.66,38.93,1171580
511,511,2020-01-17,38.93,41.1,38.93,41.1,2219790
512,512,2020-01-20,41.1,41.23,40.67,40.88,832190
513,513,2020-01-21,40.84,41.14,40.71,40.88,749590
514,514,2020-01-22,40.88,41.32,40.49,40.62,877710
515,515,2020-01-30,40.06,40.19,37.84,38.66,3541560
516,516,2020-01-31,38.27,39.06,38.14,38.58,1270160
517,517,2020-02-03,36.58,39.23,36.1,38.58,1457070
518,518,2020-02-04,38.71,39.06,38.14,39.06,1118410
519,519,2020-02-05,39.23,39.32,38.62,38.66,731310
520,520,2020-02-06,38.71,39.53,38.62,38.88,889570
521,521,2020-02-07,39.06,39.49,38.71,39.14,1170540
522,522,2020-02-10,38.8,38.93,38.49,38.66,607060
523,523,2020-02-11,38.71,38.93,38.66,38.8,520210
524,524,2020-02-12,39.06,39.06,38.75,38.88,609750
525,525,2020-02-13,38.8,38.93,38.62,38.84,633270
526,526,2020-02-14,38.71,39.06,38.71,38.84,432800
527,527,2020-02-17,38.84,39.1,38.75,38.88,343900
528,528,2020-02-18,38.97,38.97,38.71,38.88,432880
529,529,2020-02-19,38.71,38.93,38.71,38.93,208280
530,530,2020-02-20,39.01,39.32,38.8,38.93,541120
531,531,2020-02-21,38.93,38.93,38.71,38.71,898350
532,532,2020-02-24,37.4,38.27,37.4,37.93,995910
533,533,2020-02-25,37.4,37.84,37.32,37.49,1229530
534,534,2020-02-26,37.4,37.4,36.53,36.97,1163030
535,535,2020-02-27,36.53,36.79,36.06,36.53,1227980
536,536,2020-02-28,34.84,36.27,34.84,35.84,1710080
537,537,2020-03-02,35.45,35.75,35.36,35.58,668980
538,538,2020-03-03,36.32,36.32,35.75,35.75,848270
539,539,2020-03-04,35.66,35.66,35.23,35.53,581530
540,540,2020-03-05,35.75,36.36,35.75,36.14,833710
541,541,2020-03-06,36.1,37.27,35.66,36.75,884750
542,542,2020-03-09,34.36,35.19,34.18,34.18,1209500
543,543,2020-03-10,33.92,34.75,32.79,34.75,1433230
544,544,2020-03-11,34.97,34.97,32.36,33.49,1806190
545,545,2020-03-12,31.31,31.75,31.18,31.18,1582400
546,546,2020-03-13,29.01,31.75,29.01,30.88,1859750
547,547,2020-03-16,30.88,30.88,28.92,29.18,1022550
548,548,2020-03-17,27.66,29.36,27.66,29.36,1364590
549,549,2020-03-18,29.57,30.75,29.57,30.14,1099800
550,550,2020-03-19,29.27,29.88,28.7,28.7,1191150
551,551,2020-03-20,28.7,28.84,26.75,26.75,2763360
552,552,2020-03-23,25.05,25.44,24.88,24.88,1875070
553,553,2020-03-24,24.88,25.4,24.62,25.23,1498070
554,554,2020-03-25,26.1,26.97,25.96,26.97,1835730
555,555,2020-03-26,26.97,28.14,26.75,27.49,1484590
556,556,2020-03-27,27.79,28.66,27.18,27.88,1569620
557,557,2020-03-30,26.14,26.7,26.01,26.53,1637330
558,558,2020-03-31,26.79,27.88,26.1,26.97,957500
559,559,2020-04-01,26.79,28.66,26.75,28.27,1229320
560,560,2020-04-03,28.27,28.84,27.84,28.49,1726690
561,561,2020-04-06,29.36,29.71,28.7,29.57,2111200
562,562,2020-04-07,29.57,30.01,29.05,29.66,1773570
563,563,2020-04-08,29.14,29.66,29.05,29.36,1778380
564,564,2020-04-09,29.57,31.31,29.57,30.88,1795170
565,565,2020-04-10,30.88,31.27,30.27,30.71,1599380
566,566,2020-04-13,30.71,31.23,30.44,30.79,1046830
567,567,2020-04-14,30.66,30.79,29.49,30.4,1944570
568,568,2020-04-15,30.31,31.01,30.31,30.84,1017740
569,569,2020-04-16,30.44,30.97,30.36,30.97,1057050
570,570,2020-04-17,31.1,31.23,30.84,31.05,1473140
571,571,2020-04-20,31.18,31.49,30.79,31.27,1026030
572,572,2020-04-21,30.88,31.1,29.49,31.1,2159110
573,573,2020-04-22,30.01,30.92,30.01,30.14,1612290
574,574,2020-04-23,30.88,30.88,29.92,30.1,1201610
575,575,2020-04-24,30.1,30.27,29.36,29.97,972170
576,576,2020-04-27,30.4,30.4,29.05,29.05,2547060
577,577,2020-04-28,29.05,29.79,28.36,29.14,2052860
578,578,2020-04-29,29.14,29.62,29.14,29.57,1523750
579,579,2020-05-04,29.57,29.62,29.05,29.31,852260
580,580,2020-05-05,29.27,29.44,29.05,29.05,1007640
581,581,2020-05-06,29.27,29.44,28.92,29.4,855770
582,582,2020-05-07,29.49,30.31,29.44,30.31,1936540
583,583,2020-05-08,30.44,32.27,30.36,31.97,3865590
584,584,2020-05-11,31.97,32.4,31.53,32.4,1696160
585,585,2020-05-12,32.45,33.05,32.36,32.88,2199500
586,586,2020-05-13,32.88,33.27,31.31,32.88,1851970
587,587,2020-05-14,32.62,33.23,32.58,33.05,2121750
588,588,2020-05-15,33.23,33.27,32.88,33.05,1596240
589,589,2020-05-18,33.18,34.36,32.97,34.14,1002690
590,590,2020-05-19,34.75,34.84,34.27,34.36,1129270
591,591,2020-05-20,34.1,34.66,34.1,34.62,710200
592,592,2020-05-21,34.79,35.32,34.62,35.32,1425500
593,593,2020-05-22,35.32,35.36,34.79,35.23,805710
594,594,2020-05-25,35.19,35.36,35.14,35.27,708710
595,595,2020-05-26,35.23,35.92,35.23,35.88,740930
596,596,2020-05-27,36.1,36.71,36.06,36.06,817770
597,597,2020-05-28,36.1,37.01,36.1,36.75,1849310
598,598,2020-05-29,36.97,37.4,36.75,37.06,1161180
599,599,2020-06-01,37.19,37.71,37.19,37.62,725310
600,600,2020-06-02,37.79,37.79,37.53,37.66,1009040
601,601,2020-06-03,37.84,38.23,37.79,38.23,462750
602,602,2020-06-04,38.27,38.71,38.27,38.71,450240
603,603,2020-06-05,38.75,38.84,37.84,38.71,810570
604,604,2020-06-08,38.71,39.23,38.45,38.88,802240
605,605,2020-06-09,39.1,39.14,38.88,38.93,417690
606,606,2020-06-10,38.93,39.06,38.84,38.97,793590
607,607,2020-06-11,38.93,38.97,37.84,38.27,1163900
608,608,2020-06-12,35.88,37.62,35.88,37.23,1612920
609,609,2020-06-15,37.23,37.32,35.58,35.66,1218540
610,610,2020-06-16,36.53,36.53,35.84,36.4,802980
611,611,2020-06-17,36.97,37.06,36.45,36.62,737830
612,612,2020-06-18,36.53,37.62,36.49,36.97,1809780
613,613,2020-06-19,36.97,37.4,36.97,37.14,723970
614,614,2020-06-22,37.19,37.23,36.97,37.19,1308600
615,615,2020-06-23,37.19,37.84,37.1,37.4,917230
616,616,2020-06-24,37.4,37.4,36.58,36.84,710160
617,617,2020-06-25,35.97,36.71,35.97,36.4,506650
618,618,2020-06-26,36.58,36.84,36.1,36.23,355930
619,619,2020-06-29,36.23,36.23,35.27,35.45,594140
620,620,2020-06-30,35.88,35.88,34.79,34.92,709990
621,621,2020-07-01,34.92,35.97,34.79,35.97,404440
622,622,2020-07-02,36.19,36.19,35.23,35.92,469040
623,623,2020-07-03,35.88,36.23,35.75,36.1,370340
624,624,2020-07-06,36.1,36.27,35.84,36.06,1218830
625,625,2020-07-07,36.53,36.62,36.23,36.27,1336830
626,626,2020-07-08,36.19,36.27,36.01,36.1,485190
627,627,2020-07-09,36.49,36.49,36.23,36.36,962170
628,628,2020-07-10,36.27,36.36,35.71,35.97,918560
629,629,2020-07-13,36.27,36.32,35.84,36.06,371630
630,630,2020-07-14,36.06,36.1,35.75,36.1,427110
631,631,2020-07-15,36.19,36.45,36.19,36.32,1198530
632,632,2020-07-16,36.45,36.49,36.06,36.32,1091190
633,633,2020-07-17,36.36,36.36,36.01,36.01,628000
634,634,2020-07-20,35.88,35.97,35.53,35.75,696830
635,635,2020-07-21,35.88,36.01,35.53,35.88,681740
636,636,2020-07-22,35.88,35.88,35.75,35.88,625320
637,637,2020-07-23,35.88,36.01,35.71,35.88,1350870
638,638,2020-07-24,35.71,35.79,34.14,35.23,1341540
639,639,2020-07-27,33.05,34.79,33.05,33.49,1274570
640,640,2020-07-28,33.49,34.27,33.27,34.14,910690
641,641,2020-07-29,33.05,33.92,32.66,33.71,833570
642,642,2020-07-30,33.75,34.14,33.62,33.66,937680
643,643,2020-07-31,33.05,33.66,33.05,33.23,672940
644,644,2020-08-03,33.05,34.27,33.05,34.27,422820
645,645,2020-08-04,34.79,35.62,34.53,35.62,616840
646,646,2020-08-05,35.62,36.1,34.97,35.97,778840
647,647,2020-08-06,35.97,36.14,35.62,36.01,802350
648,648,2020-08-07,36.1,36.1,35.84,36.06,518660
649,649,2020-08-10,36.1,36.19,35.62,35.62,576570
650,650,2020-08-11,35.88,35.92,35.58,35.71,312920
651,651,2020-08-12,35.71,35.79,35.62,35.71,310430
652,652,2020-08-13,36.1,36.1,35.66,36.1,385320
653,653,2020-08-14,36.1,36.14,35.62,35.66,820270
654,654,2020-08-17,35.66,36.06,35.53,35.79,389480
655,655,2020-08-18,35.79,35.92,35.53,35.79,331690
656,656,2020-08-19,35.79,36.1,35.66,36.1,586790
657,657,2020-08-20,36.1,36.75,36.1,36.1,1093620
658,658,2020-08-21,36.1,36.19,35.92,36.06,1281740
659,659,2020-08-24,36.1,36.79,36.1,36.49,1530010
660,660,2020-08-25,36.49,36.92,36.49,36.49,1748400
661,661,2020-08-26,36.49,36.49,36.27,36.32,1585740
662,662,2020-08-27,36.32,36.49,36.19,36.32,1003280
663,663,2020-08-28,36.36,36.49,36.23,36.27,1645430
664,664,2020-08-31,36.53,36.75,36.01,36.1,971310
665,665,2020-09-01,36.1,36.23,36.06,36.1,1625600
666,666,2020-09-03,36.4,37.62,36.4,37.49,2503810
667,667,2020-09-04,36.97,37.45,36.88,36.92,2425360
668,668,2020-09-07,36.92,37.01,36.36,36.36,1181750
669,669,2020-09-08,36.36,36.49,35.79,35.88,1985560
670,670,2020-09-09,35.66,36.19,35.45,35.75,1472680
671,671,2020-09-10,36.1,36.23,35.71,35.71,689700
672,672,2020-09-11,35.71,35.92,35.58,35.79,665690
673,673,2020-09-14,36.01,36.14,35.97,36.1,594680
674,674,2020-09-15,36.1,36.32,35.88,35.88,998970
675,675,2020-09-16,35.92,36.14,35.66,36.06,628030
676,676,2020-09-17,35.88,36.1,35.66,35.88,1043250
677,677,2020-09-18,35.84,36.1,35.84,36.06,1188400
678,678,2020-09-21,36.14,36.36,36.1,36.1,1671360
679,679,2020-09-22,36.1,36.71,36.01,36.53,1746960
680,680,2020-09-23,36.62,37.19,36.62,37.14,1395190
681,681,2020-09-24,36.58,37.49,36.58,37.45,1628730
682,682,2020-09-25,37.45,37.49,37.19,37.4,1107270
683,683,2020-09-28,37.32,37.49,37.14,37.4,1254760
684,684,2020-09-29,37.4,37.45,36.45,36.79,1609090
685,685,2020-09-30,36.97,36.97,36.45,36.58,584450
686,686,2020-10-01,37.01,37.01,36.62,36.88,367030
687,687,2020-10-02,36.88,36.97,34.79,36.53,890840
688,688,2020-10-05,36.75,36.97,36.27,36.32,811740
689,689,2020-10-06,36.45,36.71,36.19,36.49,1105060
690,690,2020-10-07,36.36,37.06,36.14,36.97,988270
691,691,2020-10-08,37.19,37.19,36.45,36.88,549140
692,692,2020-10-09,36.75,36.97,36.75,36.88,366200
693,693,2020-10-12,37.4,37.84,36.88,37.36,1574610
694,694,2020-10-13,37.4,37.79,37.19,37.62,814530
695,695,2020-10-14,37.75,38.71,37.71,38.36,1206380
696,696,2020-10-15,38.36,38.53,37.75,38.53,1424740
697,697,2020-10-16,38.49,38.53,38.06,38.36,668850
698,698,2020-10-19,38.27,38.4,38.06,38.06,1052250
699,699,2020-10-20,37.84,38.19,37.79,38.14,1075780
700,700,2020-10-21,38.19,38.53,37.36,37.49,1452050
701,701,2020-10-22,37.45,37.66,37.01,37.66,1320610
702,702,2020-10-23,37.79,38.06,37.71,38.06,657830
703,703,2020-10-26,38.06,38.19,37.4,37.4,911390
704,704,2020-10-27,37.4,37.97,37.19,37.4,1169320
705,705,2020-10-28,37.4,37.62,36.32,36.62,866330
706,706,2020-10-29,36.71,36.88,36.32,36.36,764720
707,707,2020-10-30,36.4,36.71,36.01,36.1,1090610
708,708,2020-11-02,36.1,37.32,36.1,37.32,366300
709,709,2020-11-03,37.32,37.36,36.84,36.97,308550
710,710,2020-11-04,36.97,37.19,36.66,36.97,394660
711,711,2020-11-05,37.19,37.19,36.88,36.97,507960
712,712,2020-11-06,37.01,37.01,36.53,36.97,323160
713,713,2020-11-09,36.97,37.32,36.88,37.19,1007000
714,714,2020-11-10,37.45,37.97,37.01,37.01,1511520
715,715,2020-11-11,37.19,37.66,36.92,36.92,1032520
716,716,2020-11-12,37.27,37.62,37.23,37.58,405350
717,717,2020-11-13,37.66,37.79,37.49,37.79,417840
718,718,2020-11-16,37.93,38.19,36.97,37.32,1250340
719,719,2020-11-17,37.32,38.1,37.19,38.1,548250
720,720,2020-11-18,38.1,38.14,37.84,38.1,906810
721,721,2020-11-19,38.14,39.23,38.01,39.23,2584440
722,722,2020-11-20,39.58,40.23,39.19,40.23,1231960
723,723,2020-11-23,40.06,40.19,39.58,39.84,648830
724,724,2020-11-24,40.01,40.19,39.49,40.19,996580
725,725,2020-11-25,40.23,40.97,40.14,40.67,1088020
726,726,2020-11-26,40.67,40.88,40.27,40.88,698350
727,727,2020-11-27,40.88,41.1,40.53,41.1,1210580
728,728,2020-11-30,40.75,40.88,39.8,40.45,1448340
729,729,2020-12-01,39.45,40.53,39.45,40.01,1162270
730,730,2020-12-02,40.01,40.67,39.8,40.67,746710
731,731,2020-12-03,40.67,40.84,40.19,40.67,736760
732,732,2020-12-04,40.53,40.67,39.62,39.62,860900
733,733,2020-12-07,39.75,40.58,39.75,40.49,945460
734,734,2020-12-08,40.45,40.84,39.8,40.49,702820
735,735,2020-12-09,40.71,41.97,40.53,41.97,1198160
736,736,2020-12-10,41.97,42.49,41.93,42.27,1299820
737,737,2020-12-11,42.27,42.32,41.71,42.27,776190
738,738,2020-12-14,42.27,43.45,41.71,43.45,931080
739,739,2020-12-15,43.06,43.41,41.97,42.54,1433260
740,740,2020-12-16,42.62,43.45,42.54,43.45,740700
741,741,2020-12-17,42.88,42.88,41.32,41.75,2305960
742,742,2020-12-18,41.75,43.01,41.75,43.01,1053200
743,743,2020-12-21,43.37,43.41,42.66,43.37,697030
744,744,2020-12-22,42.97,43.01,42.75,42.93,748840
745,745,2020-12-23,42.75,43.19,42.49,42.75,666390
746,746,2020-12-24,42.93,42.93,42.09,42.66,815730
747,747,2020-12-25,42.53,42.8,42.4,42.8,314960
748,748,2020-12-28,42.97,43.06,42.66,42.97,836090
749,749,2020-12-29,42.97,43.76,42.88,43.5,696510
750,750,2020-12-30,43.5,43.67,42.75,42.93,509510
751,751,2020-12-31,42.93,43.41,42.53,42.93,367140
752,0,2021-01-04,42.97,43.76,42.66,43.41,855900
753,1,2021-01-05,43.41,44.11,43.41,43.54,739200
754,2,2021-01-06,43.63,46.57,43.54,46.04,2080400
755,3,2021-01-07,45.6,47.57,45.6,46.92,889000
756,4,2021-01-08,47.36,47.36,45.82,45.95,963900
757,5,2021-01-11,45.86,46.35,45.64,45.82,847400
758,6,2021-01-12,46.3,46.3,45.69,46.3,634900
759,7,2021-01-13,46.3,46.52,45.6,45.95,1064200
760,8,2021-01-14,46.04,46.13,45.29,45.56,832200
761,9,2021-01-15,46.0,46.0,44.94,45.25,1099800
762,10,2021-01-18,45.38,46.04,45.16,45.29,1060400
763,11,2021-01-19,45.21,45.29,42.14,43.41,1130300
764,12,2021-01-20,43.41,46.43,42.97,43.45,2093000
765,13,2021-01-21,43.45,45.16,42.97,45.16,1283700
766,14,2021-01-22,45.16,45.6,44.72,45.16,1268500
767,15,2021-01-25,44.33,45.16,44.33,44.94,725900
768,16,2021-01-26,44.94,44.94,43.41,44.24,970500
769,17,2021-01-27,43.45,43.85,41.17,42.71,1566800
770,18,2021-01-28,40.34,40.91,39.73,39.73,1205500
771,19,2021-01-29,37.49,42.49,37.49,40.78,1359000
772,20,2021-02-01,42.09,42.09,39.9,39.94,1309600
773,21,2021-02-02,40.34,42.4,40.34,42.31,1064500
774,22,2021-02-03,42.75,43.41,42.36,43.36,1454600
775,23,2021-02-04,43.36,43.41,41.17,43.36,967300
776,24,2021-02-05,43.36,43.85,42.93,43.85,897400
777,25,2021-02-08,43.36,43.76,40.82,41.26,2902200
778,26,2021-02-09,41.87,42.71,40.82,42.62,2978900
779,27,2021-02-17,42.75,43.85,42.75,43.85,1054100
780,28,2021-02-18,43.41,44.72,42.97,44.72,1688900
781,29,2021-02-19,43.5,44.59,43.45,44.42,1851200
782,30,2021-02-22,44.29,44.72,43.98,44.11,1388700
783,31,2021-02-23,43.85,44.29,43.5,43.85,1441400
784,32,2021-02-24,44.07,44.29,42.31,43.01,1265300
785,33,2021-02-25,43.41,43.63,42.8,43.06,896100
786,34,2021-02-26,42.66,43.41,42.53,43.06,1070700
787,35,2021-03-01,43.06,43.54,43.06,43.5,911200
788,36,2021-03-02,43.85,44.64,42.97,43.54,1189600
789,37,2021-03-03,43.1,43.58,43.06,43.15,915600
790,38,2021-03-04,43.23,43.63,40.82,42.66,1118100
791,39,2021-03-05,42.58,42.62,41.66,42.27,1661600
792,40,2021-03-08,42.53,42.53,41.66,41.74,1501800
793,41,2021-03-09,41.66,41.66,40.82,41.66,1344300
794,42,2021-03-10,41.66,42.01,41.22,41.87,1063900
795,43,2021-03-11,42.01,42.44,42.01,42.22,1009800
796,44,2021-03-12,42.22,42.31,41.44,42.01,1259800
797,45,2021-03-15,42.09,42.53,41.87,42.22,1438400
798,46,2021-03-16,42.09,42.09,41.7,41.96,655800
799,47,2021-03-17,41.87,42.01,41.66,41.92,1239400
800,48,2021-03-18,42.18,42.75,41.87,42.75,1609100
801,49,2021-03-19,42.58,42.58,41.3,41.3,1595700
802,50,2021-03-22,42.09,42.75,41.83,42.53,1902000
803,51,2021-03-23,42.49,42.49,41.83,42.01,940800
804,52,2021-03-24,41.66,42.05,41.26,41.52,1422500
805,53,2021-03-25,41.52,42.09,41.44,41.7,1160300
806,54,2021-03-26,41.66,41.87,41.08,41.61,1196800
807,55,2021-03-29,41.74,42.01,41.0,41.79,1195800
808,56,2021-03-30,41.79,41.79,41.26,41.57,1748700
809,57,2021-03-31,41.44,41.7,41.26,41.57,944600
810,58,2021-04-01,41.74,42.84,41.74,42.49,2697600
811,59,2021-04-02,42.75,43.19,42.49,42.88,2277500
812,60,2021-04-05,43.41,45.08,43.23,44.72,3592400
813,61,2021-04-06,44.72,44.94,44.07,44.68,2243200
814,62,2021-04-07,44.37,44.72,44.02,44.68,1182700
815,63,2021-04-08,44.68,44.68,43.63,43.85,1575400
816,64,2021-04-09,43.63,43.63,42.75,42.75,2101700
817,65,2021-04-12,43.19,43.5,42.71,43.36,2670100
818,66,2021-04-13,43.85,43.85,42.75,42.75,1670900
819,67,2021-04-14,42.66,43.28,42.49,43.28,1336800
820,68,2021-04-15,43.76,43.76,42.44,42.75,2152800
821,69,2021-04-16,42.66,43.19,42.09,42.22,1515900
822,70,2021-04-19,42.53,43.19,42.01,43.19,1387500
823,71,2021-04-20,43.45,46.04,43.19,45.16,6274200
824,72,2021-04-22,45.16,46.3,44.81,45.16,2981300
825,73,2021-04-23,45.16,45.6,44.07,45.6,2285300
826,74,2021-04-26,45.6,45.6,42.93,43.23,3595400
827,75,2021-04-27,43.23,43.67,42.84,43.41,1191800
828,76,2021-04-28,43.41,43.54,42.84,43.41,1426900
829,77,2021-04-29,43.41,43.85,42.97,43.85,1615700
830,78,2021-05-04,43.41,43.67,42.97,43.45,1496300
831,79,2021-05-05,43.45,44.72,43.45,44.37,1826700
832,80,2021-05-06,44.37,44.59,43.41,43.54,1161200
833,81,2021-05-07,43.36,43.41,42.4,42.53,2284800
834,82,2021-05-10,42.4,43.06,42.05,43.01,1674000
835,83,2021-05-11,43.06,43.54,42.75,42.93,1171500
836,84,2021-05-12,42.93,42.93,42.53,42.66,1218300
837,85,2021-05-13,42.62,42.88,42.44,42.44,1698000
838,86,2021-05-14,42.71,43.1,42.36,42.49,1403600
839,87,2021-05-17,42.58,42.66,42.01,42.09,1715100
840,88,2021-05-18,41.79,42.09,41.44,41.48,2103400
841,89,2021-05-19,41.48,41.48,41.13,41.26,1678100
842,90,2021-05-20,41.26,43.41,41.26,43.41,1904100
843,91,2021-05-21,42.22,42.97,42.09,42.44,1459200
844,92,2021-05-24,42.75,43.19,42.31,42.71,1814700
845,93,2021-05-25,42.71,43.85,42.71,43.76,3816000
846,94,2021-05-26,43.8,44.64,43.72,44.02,2356000
847,95,2021-05-27,43.85,44.02,42.97,43.28,1455000
848,96,2021-05-28,43.41,44.33,42.8,43.67,2196000
849,97,2021-05-31,44.29,44.29,43.1,43.23,2621000
850,98,2021-06-01,43.58,45.69,43.28,45.47,4533500
851,99,2021-06-02,45.6,47.14,45.47,46.48,4274100
852,100,2021-06-03,46.52,47.36,46.48,46.78,2802000
853,101,2021-06-04,46.7,46.7,45.64,46.0,2405800
854,102,2021-06-07,45.73,46.0,44.37,45.16,2969900
855,103,2021-06-08,45.16,45.6,43.85,43.85,2351600
856,104,2021-06-09,43.85,44.72,43.5,44.72,2393900
857,105,2021-06-10,44.68,45.12,43.85,44.64,2262500
858,106,2021-06-11,44.33,45.38,44.07,45.08,2048000
859,107,2021-06-14,44.77,45.34,44.42,44.72,1459700
860,108,2021-06-15,44.77,45.16,44.29,45.08,1420700
861,109,2021-06-16,44.94,46.48,44.94,45.6,2898400
862,110,2021-06-17,45.16,46.04,44.72,45.69,1557000
863,111,2021-06-18,45.82,47.79,45.73,47.57,3234900
864,112,2021-06-21,47.36,47.44,46.48,46.74,2107900
865,113,2021-06-22,46.96,47.57,46.7,47.18,1481900
866,114,2021-06-23,47.36,48.67,46.92,48.1,2248600
867,115,2021-06-24,48.19,48.58,47.27,48.54,1143400
868,116,2021-06-25,48.54,49.46,47.75,49.37,1688800
869,117,2021-06-28,49.42,49.55,48.71,49.37,1524500
870,118,2021-06-29,49.11,49.99,48.89,49.99,1853100
871,119,2021-06-30,49.99,51.39,49.99,51.04,2768000
872,120,2021-07-01,51.17,51.21,50.42,51.04,1836400
873,121,2021-07-02,51.04,51.13,49.99,50.38,1727200
874,122,2021-07-05,49.94,49.94,48.63,49.81,2049100
875,123,2021-07-06,49.33,50.42,49.11,49.11,1669600
876,124,2021-07-07,49.11,49.72,46.48,49.72,2679800
877,125,2021-07-08,48.76,49.55,47.79,48.67,1384100
878,126,2021-07-09,48.23,48.71,46.83,48.14,2936900
879,127,2021-07-12,48.01,48.01,45.21,46.96,2480600
880,128,2021-07-13,46.87,46.87,44.77,45.34,1686000
881,129,2021-07-14,45.34,45.38,43.85,44.64,2251700
882,130,2021-07-15,43.94,45.82,43.94,44.94,2319400
883,131,2021-07-16,44.94,45.34,44.29,44.94,1467300
884,132,2021-07-19,43.85,43.94,42.05,42.53,2542200
885,133,2021-07-20,42.88,44.29,41.0,43.94,2386000
886,134,2021-07-21,43.63,44.07,43.1,43.41,1463700
887,135,2021-07-22,43.36,44.15,42.97,43.98,1455800
888,136,2021-07-23,43.54,43.76,42.53,42.53,1700300
889,137,2021-07-26,42.31,42.75,41.96,42.09,1264200
890,138,2021-07-27,42.75,42.8,41.66,41.66,2654200
891,139,2021-07-28,41.7,42.53,41.7,42.53,1490800
892,140,2021-07-29,42.71,42.93,42.53,42.93,1191800
893,141,2021-07-30,42.66,43.32,42.62,42.97,1354600
894,142,2021-08-02,42.53,43.28,42.27,42.53,1285000
895,143,2021-08-03,42.58,43.32,42.53,43.32,1265700
896,144,2021-08-04,43.5,43.54,43.01,43.19,1160300
897,145,2021-08-05,42.97,43.63,42.93,43.58,1127700
898,146,2021-08-06,43.76,43.76,43.01,43.01,1114400
899,147,2021-08-09,43.01,43.36,42.84,43.1,1228900
900,148,2021-08-10,43.41,43.5,43.19,43.41,1556400
901,149,2021-08-11,43.54,44.59,43.45,44.07,1711800
902,150,2021-08-12,44.07,44.2,43.63,43.8,986600
903,151,2021-08-13,43.8,43.8,43.1,43.67,1328900
904,152,2021-08-16,43.67,44.11,43.41,44.11,1992400
905,153,2021-08-17,44.94,45.16,44.29,44.29,1688700
906,154,2021-08-18,44.29,44.94,43.72,44.29,1848000
907,155,2021-08-19,44.15,45.16,43.76,45.08,2576600
908,156,2021-08-20,44.37,44.68,43.58,43.89,1798500
909,157,2021-08-23,43.41,43.85,42.36,42.66,2136200
910,158,2021-08-24,43.5,43.5,42.31,42.53,1069100
911,159,2021-08-25,42.53,43.41,42.44,42.75,1069200
912,160,2021-08-26,42.88,43.41,42.44,42.44,1076900
913,161,2021-08-27,42.09,43.19,42.09,42.88,1106600
914,162,2021-08-30,43.15,43.58,42.88,43.54,1221700
915,163,2021-08-31,43.63,43.8,43.1,43.58,747500
916,164,2021-09-01,43.58,43.8,42.09,43.58,907500
917,165,2021-09-06,43.58,43.89,43.58,43.85,905000
918,166,2021-09-07,43.8,44.2,43.76,43.85,1041800
919,167,2021-09-08,43.85,43.89,42.44,43.72,863000
920,168,2021-09-09,43.72,43.89,43.23,43.54,817200
921,169,2021-09-10,43.76,43.76,43.23,43.5,857800
922,170,2021-09-13,43.32,43.41,43.01,43.01,1043100
923,171,2021-09-14,43.01,43.19,42.53,43.1,1230500
924,172,2021-09-15,43.1,43.1,42.58,42.58,798500
925,173,2021-09-16,43.36,43.36,42.75,43.01,570400
926,174,2021-09-17,42.75,43.15,42.62,42.62,1002200
927,175,2021-09-20,42.66,44.29,42.66,43.67,1277900
928,176,2021-09-21,43.63,43.76,42.97,42.97,862000
929,177,2021-09-22,43.15,43.63,42.97,43.63,362800
930,178,2021-09-23,43.67,44.02,43.19,43.63,676000
931,179,2021-09-24,43.63,43.76,43.54,43.63,454700
932,180,2021-09-27,43.63,43.72,42.97,42.97,465500
933,181,2021-09-28,42.88,43.54,42.75,43.5,484500
934,182,2021-09-29,43.63,43.63,42.75,43.19,565000
935,183,2021-09-30,43.19,43.23,42.58,42.62,1199900
936,184,2021-10-01,42.66,43.06,42.01,42.05,1611900
937,185,2021-10-04,42.09,42.31,41.39,41.48,913400
938,186,2021-10-05,41.7,42.14,41.7,41.92,973700
939,187,2021-10-06,41.92,41.92,41.57,41.92,691200
940,188,2021-10-07,41.92,42.44,41.66,42.44,797200
941,189,2021-10-08,42.36,42.53,41.92,42.53,697000
942,190,2021-10-11,42.53,43.15,42.44,42.75,1096000
943,191,2021-10-12,43.1,43.1,42.53,42.53,761100
944,192,2021-10-13,42.93,42.97,42.53,42.53,1426300
945,193,2021-10-14,42.53,42.62,42.05,42.4,1784700
946,194,2021-10-15,42.44,42.66,42.31,42.31,731500
947,195,2021-10-18,42.22,42.53,41.66,42.09,1247900
948,196,2021-10-19,42.14,42.31,41.74,42.27,836300
949,197,2021-10-20,42.27,42.4,41.22,41.66,1561000
950,198,2021-10-21,41.83,42.09,41.22,41.22,1226100
951,199,2021-10-22,41.66,41.66,41.22,41.35,240000
952,200,2021-10-25,42.05,42.05,41.26,41.26,800600
953,201,2021-10-26,41.26,41.48,41.04,41.22,632000
954,202,2021-10-27,41.48,42.31,41.35,42.14,1428600
955,203,2021-10-28,42.36,42.93,42.14,42.93,1772600
956,204,2021-10-29,42.66,43.15,42.49,42.97,1263800
957,205,2021-11-01,43.01,43.06,42.53,42.53,1057500
958,206,2021-11-02,42.71,42.97,42.66,42.93,808300
959,207,2021-11-03,42.84,43.32,42.66,43.28,1830000
960,208,2021-11-04,43.28,43.32,42.62,43.15,989400
961,209,2021-11-05,42.75,43.41,42.53,42.75,1126300
962,210,2021-11-08,43.01,43.15,42.75,43.06,1184200
963,211,2021-11-09,42.97,43.23,42.53,42.58,1377600
964,212,2021-11-10,42.58,43.06,42.44,42.8,857100
965,213,2021-11-11,42.88,43.54,42.53,43.1,1115600
966,214,2021-11-12,43.1,43.1,42.75,43.06,614800
967,215,2021-11-15,43.1,43.41,42.62,42.84,766700
968,216,2021-11-16,42.84,43.19,42.53,42.62,706300
969,217,2021-11-17,42.62,43.01,42.62,42.97,788300
970,218,2021-11-18,43.1,43.1,42.53,42.53,709700
971,219,2021-11-19,42.62,42.93,42.58,42.58,413000
972,220,2021-11-22,42.66,43.36,42.58,43.32,1017300
973,221,2021-11-23,43.41,43.45,43.06,43.45,549200
974,222,2021-11-24,43.5,46.3,43.5,45.95,1883300
975,223,2021-11-25,46.04,47.36,45.86,46.96,1473200
976,224,2021-11-26,46.78,47.44,45.6,46.04,879600
977,225,2021-11-29,45.29,46.0,44.29,44.33,851000
978,226,2021-11-30,45.6,45.6,43.36,43.36,1336500
979,227,2021-12-01,43.58,44.5,43.1,43.41,551500
980,228,2021-12-02,43.98,44.2,43.32,43.45,787700
981,229,2021-12-03,43.5,44.2,42.75,42.97,795900
982,230,2021-12-06,42.97,43.85,41.83,41.83,1008600
983,231,2021-12-07,42.14,43.58,42.14,43.06,820000
984,232,2021-12-08,42.97,43.58,42.97,43.28,507500
985,233,2021-12-09,42.71,43.58,42.66,43.5,805400
986,234,2021-12-10,44.29,45.08,43.8,43.85,1881200
987,235,2021-12-13,44.72,44.72,43.5,43.67,1038000
988,236,2021-12-14,43.67,44.07,43.45,43.54,862300
989,237,2021-12-15,43.63,44.15,43.41,43.8,732300
990,238,2021-12-16,44.2,44.2,43.01,43.45,1047100
991,239,2021-12-17,43.85,43.85,42.31,42.31,3475700
992,240,2021-12-20,43.19,43.63,43.01,43.63,736900
993,241,2021-12-21,43.41,43.76,43.19,43.36,774100
994,242,2021-12-22,43.61,44.06,43.38,43.55,1915300
995,243,2021-12-23,43.89,44.69,43.33,43.33,1489000
996,244,2021-12-24,43.5,44.46,43.5,44.46,849400
997,245,2021-12-27,44.69,45.48,44.12,45.2,934100
998,246,2021-12-28,45.31,45.88,44.18,45.31,1168800
999,247,2021-12-29,45.02,45.2,44.8,45.02,440000
1000,248,2021-12-30,45.2,45.25,44.01,44.4,920300
1001,249,2021-12-31,44.74,44.86,44.4,44.63,422000
1002,250,2021-12-31,44.74,44.86,44.4,44.63,422000
1003,251,2022-01-04,44.74,44.97,44.18,44.74,1133800
1004,252,2022-01-05,44.74,45.54,44.18,44.18,1603100
1005,253,2022-01-06,44.52,45.25,44.12,44.8,1215600
1006,254,2022-01-07,45.08,45.25,44.29,45.2,966200
1007,255,2022-01-10,45.14,45.25,44.46,45.02,1097000
1008,256,2022-01-11,45.31,45.31,44.46,44.97,952700
1009,257,2022-01-12,44.97,45.31,44.18,45.31,1801500
1010,258,2022-01-13,45.59,47.8,45.42,46.38,2532800
1011,259,2022-01-14,46.38,47.23,45.88,47.23,1522100
1012,260,2022-01-17,47.01,49.84,46.61,48.82,2628500
1013,261,2022-01-18,48.42,49.61,47.57,49.61,1696600
1014,262,2022-01-19,49.56,49.56,48.14,49.16,914800
1015,263,2022-01-20,48.25,49.56,47.06,49.33,2794300
1016,264,2022-01-21,49.22,50.97,48.76,50.52,2502300
1017,265,2022-01-24,50.63,52.95,49.95,52.67,2728300
1018,266,2022-01-25,52.39,54.37,50.41,54.26,2396600
1019,267,2022-01-26,54.26,54.26,52.44,53.52,2523500
1020,268,2022-01-27,52.67,53.52,51.2,51.54,1732900
1021,269,2022-01-28,51.54,52.1,50.41,50.41,2055700
1022,270,2022-02-07,51.31,52.62,50.69,52.33,1620800
1023,271,2022-02-08,52.33,52.33,51.03,52.1,1146400
1024,272,2022-02-09,51.65,52.05,51.14,51.42,1582900
1025,273,2022-02-10,51.6,52.9,51.54,51.71,1827200
1026,274,2022-02-11,51.71,51.88,50.97,50.97,1158400
1027,275,2022-02-14,49.9,50.29,48.71,48.71,3629100
1028,276,2022-02-15,48.71,50.01,47.46,49.27,2453500
1029,277,2022-02-16,49.56,49.78,48.93,49.27,1286000
1030,278,2022-02-17,49.27,49.67,49.16,49.56,1431200
1031,279,2022-02-18,48.93,49.56,48.93,49.39,1066200
1032,280,2022-02-21,49.05,49.61,49.05,49.5,1017900
1033,281,2022-02-22,49.27,49.27,48.14,49.16,1540200
1034,282,2022-02-23,49.27,49.27,48.59,49.22,986300
1035,283,2022-02-24,49.1,49.16,48.14,48.31,2078700
1036,284,2022-02-25,48.31,48.65,48.14,48.2,1616500
1037,285,2022-02-28,48.2,48.2,47.8,47.86,1322100
1038,286,2022-03-01,47.86,48.37,47.63,48.14,1295400
1039,287,2022-03-02,48.48,48.48,47.69,48.14,1655600
1040,288,2022-03-03,48.14,48.42,47.97,48.42,1052200
1041,289,2022-03-04,48.25,48.42,48.03,48.08,1058100
1042,290,2022-03-07,47.74,48.08,47.52,48.08,1002800
1043,291,2022-03-08,47.46,47.86,46.16,46.16,2936300
1044,292,2022-03-09,46.33,47.06,46.27,47.01,1325300
1045,293,2022-03-10,47.01,47.4,46.95,47.29,1154100
1046,294,2022-03-11,47.4,47.52,47.01,47.46,876100
1047,295,2022-03-14,47.18,47.69,47.12,47.69,1438200
1048,296,2022-03-15,47.57,47.63,45.88,45.93,2385900
1049,297,2022-03-16,46.04,47.12,46.04,46.72,1000600
1050,298,2022-03-17,47.01,47.29,46.84,47.01,1222400
1051,299,2022-03-18,47.06,48.25,46.95,47.69,1406600
1052,300,2022-03-21,47.69,48.42,47.57,48.08,933900
1053,301,2022-03-22,48.08,48.42,48.08,48.08,775100
1054,302,2022-03-23,48.08,48.48,48.08,48.08,966600
1055,303,2022-03-24,48.08,48.08,47.29,47.29,570200
1056,304,2022-03-25,47.57,47.57,46.44,46.72,1137800
1057,305,2022-03-28,47.01,47.01,46.44,46.67,725400
1058,306,2022-03-29,46.67,47.01,46.22,46.38,1018600
1059,307,2022-03-30,46.33,47.29,46.16,46.44,913900
1060,308,2022-03-31,46.44,46.78,46.44,46.5,492400
1061,309,2022-04-01,46.5,47.35,45.93,46.89,900300
1062,310,2022-04-04,47.12,47.63,46.78,46.78,712000
1063,311,2022-04-05,46.89,47.12,46.78,47.01,526100
1064,312,2022-04-06,46.95,48.14,46.27,47.91,2009600
1065,313,2022-04-07,48.08,48.25,47.01,47.01,928000
1066,314,2022-04-08,47.52,47.52,46.95,47.01,788200
1067,315,2022-04-12,47.01,47.12,46.22,46.67,841300
1068,316,2022-04-13,47.01,47.06,46.44,46.67,850700
1069,317,2022-04-14,46.67,46.95,45.88,45.88,1151400
1070,318,2022-04-15,45.99,46.16,45.42,45.42,894800
1071,319,2022-04-18,45.31,45.42,43.95,44.01,1237300
1072,320,2022-04-19,44.06,44.46,43.95,44.01,1003400
1073,321,2022-04-20,44.18,44.69,44.01,44.4,904600
1074,322,2022-04-21,44.4,44.86,44.29,44.4,2178200
1075,323,2022-04-22,44.8,46.78,44.8,46.56,2776600
1076,324,2022-04-25,46.56,47.01,43.61,46.33,2479400
1077,325,2022-04-26,44.74,45.59,44.74,45.59,1912000
1078,326,2022-04-27,45.25,46.44,44.29,46.16,1429800
1079,327,2022-04-28,46.16,46.22,45.02,46.16,564100
1080,328,2022-04-29,46.1,46.61,45.31,45.82,1259200
1081,329,2022-05-04,45.82,45.88,44.74,45.25,892600
1082,330,2022-05-05,45.59,46.16,45.08,45.88,1019300
1083,331,2022-05-06,45.14,45.99,44.97,44.97,775900
1084,332,2022-05-09,44.63,45.54,44.06,44.12,1674200
1085,333,2022-05-10,43.67,45.31,43.67,45.31,926000
1086,334,2022-05-11,45.31,45.48,44.74,45.31,931300
1087,335,2022-05-12,44.74,45.25,43.61,43.61,972300
1088,336,2022-05-13,43.61,44.18,41.34,41.34,1963600
1089,337,2022-05-16,42.76,43.27,41.91,42.02,1558800
1090,338,2022-05-17,42.02,43.61,41.4,43.04,2262300
1091,339,2022-05-18,43.61,43.61,42.48,42.7,881000
1092,340,2022-05-19,42.48,43.44,42.36,43.04,575800
1093,341,2022-05-20,42.53,43.33,42.48,42.65,661800
1094,342,2022-05-23,42.82,42.82,41.68,42.14,631600
1095,343,2022-05-24,42.42,42.87,42.08,42.82,898700
1096,344,2022-05-25,43.04,43.61,42.36,43.61,817000
1097,345,2022-05-26,43.61,43.67,43.04,43.44,978900
1098,346,2022-05-27,43.44,43.84,43.21,43.84,892000
1099,347,2022-05-30,43.84,45.88,43.27,44.18,1327400
1100,348,2022-05-31,44.69,44.69,44.18,44.69,483700
1101,349,2022-06-01,44.74,45.59,44.74,45.59,798800
1102,350,2022-06-02,45.76,45.76,44.74,44.74,641400
1103,351,2022-06-03,44.4,45.02,43.27,43.89,527800
1104,352,2022-06-06,43.89,45.31,42.53,45.14,880500
1105,353,2022-06-07,44.74,46.44,44.23,45.88,933000
1106,354,2022-06-08,45.88,45.88,44.63,44.86,1164700
1107,355,2022-06-09,44.74,45.25,44.01,44.06,1067500
1108,356,2022-06-10,44.06,44.74,43.84,44.01,390900
1109,357,2022-06-13,43.61,43.61,41.97,43.27,1105800
1110,358,2022-06-14,42.76,44.23,41.91,43.61,1066200
1111,359,2022-06-15,43.84,44.35,42.65,43.33,1243600
1112,360,2022-06-16,43.44,45.31,43.33,44.8,1209600
1113,361,2022-06-17,43.61,44.35,43.1,43.1,1050600
1114,362,2022-06-20,45.02,45.02,42.65,43.04,1089700
1115,363,2022-06-21,43.04,44.01,42.59,44.01,937100
1116,364,2022-06-22,44.12,44.18,42.48,43.04,1069200
1117,365,2022-06-23,42.53,43.44,42.42,42.99,590200
1118,366,2022-06-24,43.16,43.21,42.25,42.48,648600
1119,367,2022-06-27,42.76,43.04,42.36,42.42,862500
1120,368,2022-06-28,42.48,43.61,42.36,43.21,1095800
1121,369,2022-06-29,42.93,42.99,42.65,42.76,847500
1122,370,2022-06-30,42.76,43.04,42.36,42.36,678400
1123,371,2022-07-01,42.19,42.48,41.29,41.91,1383000
1124,372,2022-07-04,42.42,42.59,41.85,41.97,746200
1125,373,2022-07-05,42.42,42.42,41.68,41.91,1064500
1126,374,2022-07-06,41.74,41.85,39.02,41.23,1548200
1127,375,2022-07-07,41.17,42.76,40.61,42.76,1258400
1128,376,2022-07-08,42.42,42.48,41.85,41.91,761000
1129,377,2022-07-11,41.51,41.63,40.78,40.78,660800
1130,378,2022-07-12,40.83,41.12,40.61,40.72,811500
1131,379,2022-07-13,40.66,41.57,40.44,40.66,1379900
1132,380,2022-07-14,40.66,41.23,40.55,41.0,329400
1133,381,2022-07-15,40.83,41.63,40.83,40.95,597500
1134,382,2022-07-18,41.06,41.29,40.78,40.78,391400
1135,383,2022-07-19,40.78,40.83,40.27,40.38,812100
1136,384,2022-07-20,40.55,41.06,40.55,41.06,544900
1137,385,2022-07-21,41.06,41.29,40.83,41.06,1164600
1138,386,2022-07-22,40.83,41.17,40.78,41.06,1009600
1139,387,2022-07-25,41.0,41.46,40.78,41.29,962700
1140,388,2022-07-26,41.46,42.14,41.46,41.85,1119800
1141,389,2022-07-27,41.91,42.48,41.74,42.48,1259900
1142,390,2022-07-28,42.7,42.82,42.36,42.65,1164800
1143,391,2022-07-29,42.7,42.76,42.31,42.31,1176000
1144,392,2022-08-01,42.31,43.61,42.14,43.61,1577300
1145,393,2022-08-02,43.61,44.86,43.04,44.69,1777800
1146,394,2022-08-03,44.35,45.02,44.18,45.02,1005700
1147,395,2022-08-04,45.02,46.72,44.97,46.72,2261100
1148,396,2022-08-05,46.44,46.67,45.93,46.44,1395800
1149,397,2022-08-08,46.44,46.72,46.38,46.44,915000
1150,398,2022-08-09,46.44,46.44,45.25,45.76,1217900
1151,399,2022-08-10,45.36,45.88,45.36,45.59,507500
1152,400,2022-08-11,46.04,46.44,45.65,46.16,1171500
1153,401,2022-08-12,46.16,46.38,45.82,46.22,1251800
1154,402,2022-08-15,46.44,46.61,46.27,46.33,1259500
1155,403,2022-08-16,46.44,46.44,45.93,46.16,687100
1156,404,2022-08-17,45.99,46.27,45.99,46.16,764000
1157,405,2022-08-18,46.04,46.44,45.99,46.16,1568600
1158,406,2022-08-19,45.65,46.44,45.65,45.82,1148000
1159,407,2022-08-22,45.36,46.16,45.31,45.31,525800
1160,408,2022-08-23,45.31,46.04,45.25,45.42,648000
1161,409,2022-08-24,45.99,46.95,45.48,46.44,1083700
1162,410,2022-08-25,46.56,46.56,46.04,46.44,538800
1163,411,2022-08-26,46.44,47.4,46.44,46.72,1559500
1164,412,2022-08-29,46.1,46.72,45.82,46.72,951500
1165,413,2022-08-30,46.72,48.71,46.72,48.71,2502800
1166,414,2022-08-31,48.71,48.99,47.57,47.57,1055900
1167,415,2022-09-05,47.57,47.74,46.72,46.78,1547800
1168,416,2022-09-06,46.78,47.57,46.5,46.84,1027300
1169,417,2022-09-07,46.44,46.72,45.2,45.31,2293300
1170,418,2022-09-08,45.82,45.82,44.18,44.18,1074300
1171,419,2022-09-09,44.46,44.91,44.29,44.63,1029200
1172,420,2022-09-12,45.08,45.14,44.63,44.8,707393
1173,421,2022-09-13,44.97,44.97,44.52,44.52,1191450
1174,422,2022-09-14,43.72,45.02,43.61,44.35,1090341
1175,423,2022-09-15,44.46,44.91,44.23,44.86,614855
1176,424,2022-09-16,44.91,45.31,44.46,45.31,1520836
1177,425,2022-09-19,44.74,45.42,44.18,44.63,939868
1178,426,2022-09-20,44.63,45.31,44.52,44.86,523224
1179,427,2022-09-21,44.91,45.08,44.12,44.69,500277
1180,428,2022-09-22,44.01,44.52,43.89,44.18,1183870
1181,429,2022-09-23,43.72,44.01,42.93,42.99,1035807
1182,430,2022-09-26,42.53,43.61,41.97,42.48,1256770
1183,431,2022-09-27,43.04,43.04,42.02,42.08,654279
1184,432,2022-09-28,41.91,42.48,41.8,42.48,588760
1185,433,2022-09-29,43.04,43.04,41.91,41.91,588618
1186,434,2022-09-30,41.46,42.08,41.0,41.46,1263216
1187,435,2022-10-03,41.63,41.8,39.82,39.98,895901
1188,436,2022-10-04,39.65,40.72,39.36,40.38,1281903
1189,437,2022-10-05,40.44,40.78,40.27,40.49,835756
1190,438,2022-10-06,40.78,40.78,39.59,39.7,752134
1191,439,2022-10-07,39.42,39.42,36.98,37.78,2114289
1192,440,2022-10-10,37.66,38.34,36.3,36.87,1317571
1193,441,2022-10-11,36.98,37.38,35.11,35.11,1162567
1194,442,2022-10-12,35.68,36.98,35.23,36.25,1518177
1195,443,2022-10-13,36.3,37.66,35.51,37.66,1597432
1196,444,2022-10-14,38.8,38.8,38.12,38.57,1600459
1197,445,2022-10-17,38.12,38.51,37.1,37.55,1241850
1198,446,2022-10-18,38.51,38.51,38.12,38.34,885675
1199,447,2022-10-19,38.46,38.51,38.12,38.46,627787
1200,448,2022-10-20,38.46,39.65,38.0,39.19,1517785
1201,449,2022-10-21,39.19,40.04,38.51,38.51,1284429
1202,450,2022-10-24,39.36,39.36,37.27,38.51,670658
1203,451,2022-10-25,37.38,39.98,37.38,39.59,1536394
1204,452,2022-10-26,39.98,39.98,38.8,39.65,591925
1205,453,2022-10-27,39.93,41.29,39.25,40.61,1299122
1206,454,2022-10-28,41.06,42.19,40.55,40.55,1562170
1207,455,2022-10-31,41.63,41.63,41.06,41.63,660625
1208,456,2022-11-01,41.91,42.48,41.51,42.48,826630
1209,457,2022-11-02,41.91,42.19,40.78,41.68,1255849
1210,458,2022-11-03,40.78,41.57,40.78,41.34,727061
1211,459,2022-11-04,40.49,41.06,39.02,40.66,1538569
1212,460,2022-11-07,40.66,41.34,40.27,40.66,1232957
1213,461,2022-11-08,40.78,42.48,40.55,41.12,1661225
1214,462,2022-11-09,41.63,42.02,41.12,41.91,1215481
1215,463,2022-11-10,41.85,41.85,40.55,41.23,959263
1216,464,2022-11-11,41.34,42.76,41.34,42.76,1315047
1217,465,2022-11-14,42.76,43.33,41.97,42.53,1537405
1218,466,2022-11-15,42.14,43.27,40.83,42.48,1582693
1219,467,2022-11-16,39.82,44.18,39.82,42.53,2350806
1220,468,2022-11-17,43.1,43.38,42.76,43.33,1646478
1221,469,2022-11-18,42.99,43.55,41.68,43.33,1565603
1222,470,2022-11-21,43.33,43.33,42.48,42.48,1107753
1223,471,2022-11-22,42.19,43.04,41.06,41.63,1936869
1224,472,2022-11-23,41.34,41.63,41.0,41.63,794699
1225,473,2022-11-24,41.63,41.91,41.06,41.34,1082309
1226,474,2022-11-25,41.4,41.68,41.23,41.4,1675974
1227,475,2022-11-28,42.19,43.61,41.8,43.44,1343149
1228,476,2022-11-29,43.04,45.2,43.04,45.2,1709345
1229,477,2022-11-30,45.48,45.88,43.61,45.88,1324673
1230,478,2022-12-01,45.82,46.1,44.86,45.31,1180842
1231,479,2022-12-02,45.25,48.14,44.91,48.14,1243982
1232,480,2022-12-05,47.63,49.27,46.72,48.14,1668352
1233,481,2022-12-06,48.14,48.25,45.31,45.31,1309556
1234,482,2022-12-07,45.31,46.44,44.18,44.46,1456577
1235,483,2022-12-08,44.74,45.88,43.61,43.61,2110951
1236,484,2022-12-09,44.4,44.86,43.67,43.78,1684857
1237,485,2022-12-12,44.63,45.59,43.84,43.84,2106780
1238,486,2022-12-13,44.23,44.91,44.12,44.29,2233239
1239,487,2022-12-14,45.14,45.14,44.46,44.63,1084310
1240,488,2022-12-15,44.63,45.7,44.52,45.02,1251584
1241,489,2022-12-16,45.02,46.95,44.69,45.14,3160071
1242,490,2022-12-19,45.31,45.88,44.74,44.86,758323
1243,491,2022-12-20,45.14,46.44,44.74,44.74,1425824
1244,492,2022-12-21,46.1,46.1,44.57,44.57,962690
1245,493,2022-12-22,45.02,45.93,44.91,44.91,1073857
1246,494,2022-12-23,45.42,45.99,44.8,44.8,1080281
1247,495,2022-12-26,44.86,45.76,44.69,44.69,1204231
1248,496,2022-12-27,45.42,45.59,44.69,44.8,1059104
1249,497,2022-12-28,45.54,46.44,45.02,45.31,1174140
1250,498,2022-12-29,46.61,46.72,45.59,45.7,1238385
1251,499,2022-12-30,46.95,47.06,45.31,45.31,1512532
1252,500,2022-12-30,46.95,47.06,45.31,45.31,1512532
1253,501,2023-01-03,45.42,46.78,45.42,46.78,1090345
1254,502,2023-01-04,46.95,46.95,46.33,46.89,838779
1255,503,2023-01-05,46.89,47.57,46.72,47.57,1080011
1256,504,2023-01-06,47.57,48.03,47.52,47.57,1127163
1257,505,2023-01-09,48.59,49.22,48.03,49.22,1668531
1258,506,2023-01-10,48.82,50.92,48.82,49.44,2114849
1259,507,2023-01-11,49.44,49.44,48.2,48.2,984111
1260,508,2023-01-12,48.25,48.25,47.46,48.03,1879784
1261,509,2023-01-13,48.25,48.99,48.25,48.59,822866
1262,510,2023-01-16,48.71,50.12,48.71,49.44,737007
1263,511,2023-01-17,50.12,50.63,49.44,50.63,645550
1264,512,2023-01-18,50.97,51.54,50.63,50.97,836046
1265,513,2023-01-19,50.69,54.37,49.56,52.67,1720442
1266,514,2023-01-27,52.67,53.58,51.82,52.67,1554077
1267,515,2023-01-30,52.16,52.39,50.86,50.92,1046115
1268,516,2023-01-31,50.92,52.05,49.73,52.05,1449748
1269,517,2023-02-01,52.1,52.39,50.46,50.46,1137519
1270,518,2023-02-02,50.18,52.1,50.18,51.31,985306
1271,519,2023-02-03,51.14,52.67,50.46,52.67,894615
1272,520,2023-02-06,52.44,54.54,51.82,54.37,1154264
1273,521,2023-02-07,53.97,54.09,52.1,52.1,1196748
1274,522,2023-02-08,52.16,54.48,52.16,53.35,886576
1275,523,2023-02-09,53.12,53.8,52.67,52.67,760552
1276,524,2023-02-10,53.52,53.52,52.56,53.52,648708
1277,525,2023-02-13,53.69,54.03,52.1,52.95,873881
1278,526,2023-02-14,52.95,52.95,51.65,52.39,1143667
1279,527,2023-02-15,52.39,53.35,51.65,52.67,899713
1280,528,2023-02-16,52.67,53.24,52.22,52.33,777372
1281,529,2023-02-17,52.67,52.84,52.1,52.67,919596
1282,530,2023-02-20,52.67,53.52,52.67,53.12,1095988
1283,531,2023-02-21,53.35,53.75,53.24,53.35,676960
1284,532,2023-02-22,53.35,53.41,52.39,52.67,1026246
1285,533,2023-02-23,52.67,53.24,51.65,52.84,1026332
1286,534,2023-02-24,52.67,53.24,50.97,52.95,631786
1287,535,2023-02-27,52.67,52.95,51.94,52.56,501731
1288,536,2023-02-28,52.73,53.07,52.44,52.95,566115
1289,537,2023-03-01,52.28,52.9,52.22,52.67,730121
1290,538,2023-03-02,52.67,53.12,51.99,52.78,985271
1291,539,2023-03-03,51.99,52.56,51.48,51.48,799049
1292,540,2023-03-06,51.54,52.22,51.54,51.54,712399
1293,541,2023-03-07,51.82,52.39,51.6,52.05,970761
1294,542,2023-03-08,51.54,52.22,51.37,52.22,872316
1295,543,2023-03-09,52.1,52.9,51.94,52.67,1098833
1296,544,2023-03-10,52.22,52.39,51.82,52.16,708269
1297,545,2023-03-13,52.1,52.1,51.42,51.82,759814
1298,546,2023-03-14,51.54,51.65,51.26,51.54,864241
1299,547,2023-03-15,51.88,52.1,51.6,51.76,808217
1300,548,2023-03-16,51.54,52.1,50.69,51.54,806313
1301,549,2023-03-17,51.54,51.6,50.41,50.41,2272490
1302,550,2023-03-20,50.41,50.69,48.2,48.2,1035307
1303,551,2023-03-21,48.37,50.92,48.37,48.99,1058061
1304,552,2023-03-22,49.05,50.92,49.05,50.41,1056346
1305,553,2023-03-23,50.29,51.37,49.44,51.37,850122
1306,554,2023-03-24,51.54,51.54,50.35,50.41,630688
1307,555,2023-03-27,50.41,51.54,49.84,51.54,730499
1308,556,2023-03-28,51.42,52.62,51.03,51.99,846797
1309,557,2023-03-29,52.39,52.39,51.26,52.28,423348
1310,558,2023-03-30,52.28,52.78,52.1,52.5,411004
1311,559,2023-03-31,52.56,52.78,51.26,51.76,951283
1312,560,2023-04-03,51.94,52.62,51.65,52.56,737481
1313,561,2023-04-04,52.56,52.62,51.88,52.1,270521
1314,562,2023-04-05,52.28,52.28,51.6,52.16,336349
1315,563,2023-04-06,51.82,52.16,51.65,51.65,376788
1316,564,2023-04-07,51.54,51.6,50.69,50.97,747860
1317,565,2023-04-10,50.97,50.97,50.41,50.41,639645
1318,566,2023-04-11,50.41,50.97,49.95,49.95,752232
1319,567,2023-04-12,50.01,50.18,49.84,50.01,518806
1320,568,2023-04-13,50.01,50.12,49.73,49.95,491499
1321,569,2023-04-14,50.01,50.46,49.95,50.07,415311
1322,570,2023-04-17,50.07,50.12,49.73,50.07,489420
1323,571,2023-04-18,50.01,50.18,49.56,49.84,695427
1324,572,2023-04-19,49.9,50.24,49.84,50.12,417179
1325,573,2023-04-20,50.29,50.29,49.84,50.01,258080
1326,574,2023-04-21,49.84,49.9,49.5,49.56,357041
1327,575,2023-04-24,49.84,50.12,49.27,49.78,506466
1328,576,2023-04-25,49.95,50.12,49.56,50.01,546290
1329,577,2023-04-26,49.84,50.69,49.78,50.63,710670
1330,578,2023-04-27,50.24,51.26,50.07,50.97,581140
1331,579,2023-04-28,50.97,51.26,50.29,51.26,705032
1332,580,2023-05-04,50.97,50.97,50.12,50.12,496435
1333,581,2023-05-05,50.12,50.92,49.95,50.86,226102
1334,582,2023-05-08,50.97,52.78,50.86,52.67,1502235
1335,583,2023-05-09,52.67,53.18,52.28,52.28,564410
1336,584,2023-05-10,52.05,52.67,51.88,52.1,418041
1337,585,2023-05-11,52.1,52.16,51.54,51.54,506319
1338,586,2023-05-12,51.54,52.56,51.42,52.56,711269
1339,587,2023-05-15,52.1,52.67,51.65,51.94,451483
1340,588,2023-05-16,52.1,52.73,51.71,52.44,666940
1341,589,2023-05-17,52.39,52.67,52.28,52.56,573251
1342,590,2023-05-18,52.62,54.37,52.22,53.8,1680806
1343,591,2023-05-19,53.52,53.75,52.44,53.35,440496
1344,592,2023-05-22,52.67,53.18,52.22,52.73,623319
1345,593,2023-05-23,52.67,53.01,52.16,52.56,569233
1346,594,2023-05-24,52.56,52.56,52.05,52.44,342665
1347,595,2023-05-25,52.44,53.24,51.76,52.78,607166
1348,596,2023-05-26,52.78,52.95,52.1,52.1,284190
1349,597,2023-05-29,52.1,53.8,52.1,52.73,591719
1350,598,2023-05-30,52.73,53.69,52.33,53.52,565039
1351,599,2023-05-31,53.18,53.29,52.73,53.24,380711
1352,600,2023-06-01,53.58,53.58,52.78,53.18,646726
1353,601,2023-06-02,53.18,53.8,52.84,53.75,739065
1354,602,2023-06-05,53.92,55.9,53.92,55.5,1299964
1355,603,2023-06-06,55.5,56.07,54.65,56.07,761266
1356,604,2023-06-07,56.07,56.07,54.94,54.94,750797
1357,605,2023-06-08,54.94,57.6,54.94,56.64,1341141
1358,606,2023-06-09,56.64,57.77,56.07,56.92,821677
1359,607,2023-06-12,56.58,57.48,55.56,57.2,436746
1360,608,2023-06-13,56.64,58.34,56.47,58.05,840097
1361,609,2023-06-14,58.0,58.9,57.48,58.11,842576
1362,610,2023-06-15,58.05,58.73,57.54,58.62,913438
1363,611,2023-06-16,59.01,60.26,58.45,59.47,1333946
1364,612,2023-06-19,58.68,58.96,57.6,57.6,1141315
1365,613,2023-06-20,57.26,57.26,56.52,56.58,1782749
1366,614,2023-06-21,56.47,56.92,56.47,56.64,1188227
1367,615,2023-06-22,57.77,57.77,56.58,56.86,717220
1368,616,2023-06-23,56.86,56.86,56.35,56.58,706286
1369,617,2023-06-26,56.13,57.14,56.13,56.64,807728
1370,618,2023-06-27,56.64,57.2,56.47,56.64,686645
1371,619,2023-06-28,56.64,57.88,56.52,57.26,822207
1372,620,2023-06-29,57.66,58.34,57.26,57.71,642122
1373,621,2023-06-30,57.26,57.66,56.64,56.64,557300
1374,622,2023-07-03,56.64,57.09,56.52,56.64,490833
1375,623,2023-07-04,57.03,57.71,56.58,56.64,683429
1376,624,2023-07-05,57.2,58.05,56.81,57.77,954822
1377,625,2023-07-06,57.82,57.88,56.92,57.03,1021691
1378,626,2023-07-07,56.92,59.47,56.86,59.47,1066312
1379,627,2023-07-10,59.41,59.41,57.94,58.16,916503
1380,628,2023-07-11,57.66,59.47,57.66,58.34,888492
1381,629,2023-07-12,58.16,59.18,58.16,58.9,743776
1382,630,2023-07-13,59.47,59.47,58.73,59.41,929375
1383,631,2023-07-14,59.41,59.47,58.9,59.47,798828
1384,632,2023-07-17,59.47,59.47,59.01,59.35,792928
1385,633,2023-07-18,59.41,59.47,59.07,59.07,590877
1386,634,2023-07-19,59.24,60.66,59.24,60.32,927729
1387,635,2023-07-20,59.75,60.26,58.68,59.47,772446
1388,636,2023-07-21,59.47,59.47,58.9,59.47,664121
1389,637,2023-07-24,59.52,59.69,59.18,59.24,809968
1390,638,2023-07-25,60.47,61.87,60.4,61.34,2376800
1391,639,2023-07-26,61.47,62.48,61.47,62.48,1149142
1392,640,2023-07-27,62.68,62.68,61.87,62.01,959168
1393,641,2023-07-28,62.01,62.21,61.4,62.21,1118204
1394,642,2023-07-31,62.21,62.34,61.27,61.27,1469179
1395,643,2023-08-01,61.27,62.07,61.0,61.0,1282915
1396,644,2023-08-02,61.0,61.2,60.87,61.2,1056442
1397,645,2023-08-03,61.2,61.2,60.54,60.6,838992
1398,646,2023-08-04,60.67,60.94,60.27,60.27,1232691
1399,647,2023-08-07,60.27,60.74,60.2,60.74,1112919
1400,648,2023-08-08,60.74,61.0,60.27,60.67,825329
1401,649,2023-08-09,60.67,60.8,60.27,60.34,592910
1402,650,2023-08-10,60.54,60.54,59.2,59.2,1339101
1403,651,2023-08-11,59.2,60.47,59.2,60.47,922105
1404,652,2023-08-14,60.4,60.4,59.53,59.53,1472862
1405,653,2023-08-15,60.2,60.2,59.2,59.46,1149381
1406,654,2023-08-16,59.4,59.8,59.33,59.67,728443
1407,655,2023-08-17,59.67,60.07,59.26,59.8,2145945
1408,656,2023-08-18,60.07,60.4,59.53,59.87,2432095
1409,657,2023-08-21,60.0,60.34,59.67,60.07,1711594
1410,658,2023-08-22,59.87,60.0,58.73,59.13,1826735
1411,659,2023-08-23,59.46,59.46,57.59,57.73,1756869
1412,660,2023-08-24,57.73,59.0,57.52,58.19,904090
1413,661,2023-08-25,57.66,58.19,57.52,57.66,1406166
1414,662,2023-08-28,57.79,58.53,57.66,58.19,1379391
1415,663,2023-08-29,58.19,59.2,58.13,59.13,1393114
1416,664,2023-08-30,59.2,59.87,59.2,59.6,1351406
1417,665,2023-08-31,59.6,59.93,59.06,59.6,1532410
1418,666,2023-09-05,59.6,60.67,59.6,60.27,1943937
1419,667,2023-09-06,60.34,60.34,60.0,60.34,2019306
1420,668,2023-09-07,60.2,60.74,59.87,59.87,1767025
1421,669,2023-09-08,59.87,59.87,59.6,59.87,1342875
1422,670,2023-09-11,59.93,60.2,58.86,59.2,1651179
1423,671,2023-09-12,59.53,60.2,59.46,60.13,1573590
1424,672,2023-09-13,60.2,60.2,59.46,59.6,1583591
1425,673,2023-09-14,59.53,59.87,58.93,59.6,1513444
1426,674,2023-09-15,59.46,60.07,59.26,60.07,2148841
1427,675,2023-09-18,59.87,60.0,59.06,59.4,721550
1428,676,2023-09-19,59.4,59.67,57.52,58.93,1121369
1429,677,2023-09-20,58.93,59.13,57.79,58.86,789315
1430,678,2023-09-21,58.86,58.86,58.06,58.19,1070108
1431,679,2023-09-22,57.79,59.87,57.52,59.73,2412619
1432,680,2023-09-25,59.53,59.87,59.06,59.73,2212485
1433,681,2023-09-26,59.67,59.8,58.13,58.19,1666399
1434,682,2023-09-27,58.6,59.53,58.19,58.73,1207226
1435,683,2023-09-28,58.33,59.06,57.93,58.86,1066237
1436,684,2023-09-29,59.06,59.06,58.26,58.53,450190
1437,685,2023-10-02,58.26,58.33,57.86,57.86,767433
1438,686,2023-10-03,57.86,57.99,57.39,57.73,884115
1439,687,2023-10-04,57.73,57.73,57.06,57.73,925262
1440,688,2023-10-05,57.52,57.52,56.52,56.52,891392
1441,689,2023-10-06,56.52,57.12,55.85,57.12,802652
1442,690,2023-10-09,57.12,57.12,56.19,56.59,1097445
1443,691,2023-10-10,56.59,57.66,56.59,57.59,735970
1444,692,2023-10-11,57.66,57.86,57.32,57.86,720549
1445,693,2023-10-12,58.13,58.13,57.19,57.52,715133
1446,694,2023-10-13,57.52,57.93,57.19,57.93,663930
1447,695,2023-10-16,57.26,57.93,57.26,57.59,333530
1448,696,2023-10-17,57.59,57.86,57.19,57.46,364184
1449,697,2023-10-18,57.19,57.52,56.86,57.46,1148543
1450,698,2023-10-19,57.19,57.52,56.25,56.52,1364661
1451,699,2023-10-20,55.85,57.06,55.32,56.72,940696
1452,700,2023-10-23,56.52,56.52,55.18,56.52,967700
1453,701,2023-10-24,56.52,57.86,56.12,57.52,995455
1454,702,2023-10-25,56.92,57.39,56.59,57.39,660885
1455,703,2023-10-26,56.86,57.52,55.85,56.52,1421717
1456,704,2023-10-27,56.59,56.86,56.05,56.86,774937
1457,705,2023-10-30,55.85,57.52,55.85,57.46,594248
1458,706,2023-10-31,57.46,58.13,56.79,58.06,1347127
1459,707,2023-11-01,58.06,58.73,57.59,58.73,1481233
1460,708,2023-11-02,58.86,59.53,57.93,59.53,1060228
1461,709,2023-11-03,59.53,59.8,58.93,59.46,1089983
1462,710,2023-11-06,59.46,60.07,59.2,59.87,775907
1463,711,2023-11-07,59.53,59.73,59.06,59.06,415337
1464,712,2023-11-08,58.86,60.0,58.8,59.87,1273201
1465,713,2023-11-09,59.87,59.87,58.8,58.8,1168331
1466,714,2023-11-10,58.26,58.53,57.52,57.52,1353101
1467,715,2023-11-13,57.52,57.59,57.12,57.19,938884
1468,716,2023-11-14,57.52,57.86,57.12,57.52,988940
1469,717,2023-11-15,57.86,58.66,57.86,58.66,4069328
1470,718,2023-11-16,58.19,58.86,57.99,58.86,1285689
1471,719,2023-11-17,58.73,58.8,57.19,57.26,1589317
1472,720,2023-11-20,57.26,58.19,56.86,57.59,1099258
1473,721,2023-11-21,57.59,57.99,57.39,57.93,1152379
1474,722,2023-11-22,57.73,57.99,57.19,57.99,1013847
1475,723,2023-11-23,57.99,58.06,57.19,57.19,648155
1476,724,2023-11-24,57.19,57.52,56.86,57.52,735269
1477,725,2023-11-27,57.52,57.52,56.92,57.39,443705
1478,726,2023-11-28,57.19,57.46,56.72,57.39,780344
1479,727,2023-11-29,57.12,57.46,56.92,56.92,734262
1480,728,2023-11-30,56.92,57.12,56.66,56.66,928310
1481,729,2023-12-01,56.79,56.86,56.25,56.86,715983
1482,730,2023-12-04,57.12,57.66,56.72,57.52,889234
1483,731,2023-12-05,57.52,57.59,56.72,57.12,994057
1484,732,2023-12-06,57.06,57.52,56.86,57.46,639066
1485,733,2023-12-07,57.32,57.52,56.86,56.99,993875
1486,734,2023-12-08,56.99,57.19,56.86,56.86,1184278
1487,735,2023-12-11,56.86,57.06,56.25,56.32,1401171
1488,736,2023-12-12,56.66,56.66,56.19,56.32,1007855
1489,737,2023-12-13,56.32,56.52,55.99,55.99,1154515
1490,738,2023-12-14,56.19,56.52,56.19,56.46,841937
1491,739,2023-12-15,56.19,56.46,54.98,54.98,2531751
1492,740,2023-12-18,55.38,55.45,54.52,54.52,1805761
1493,741,2023-12-19,54.52,54.52,53.58,54.32,1964252
1494,742,2023-12-20,54.32,54.38,53.85,54.25,1873375
1495,743,2023-12-21,54.18,54.18,53.71,54.11,2031463
1496,744,2023-12-22,54.11,54.25,53.78,54.11,1581238
1497,745,2023-12-25,54.11,54.72,53.98,54.72,1303639
1498,746,2023-12-26,54.85,55.38,54.85,55.38,973002
1499,747,2023-12-27,55.45,55.65,55.18,55.32,900989
1500,748,2023-12-28,55.32,55.59,55.12,55.38,704577
1501,749,2023-12-29,55.85,56.12,53.71,53.71,1623585
1502,750,2024-01-02,55.45,55.92,54.98,55.85,1788420
1503,751,2024-01-03,55.85,56.52,55.38,56.52,1374590
1504,752,2024-01-04,56.52,57.66,56.19,57.46,2660779
1505,753,2024-01-05,57.46,57.66,57.32,57.66,1181807
1506,754,2024-01-08,57.73,58.06,57.73,58.06,1611721
1507,755,2024-01-09,58.06,58.8,58.06,58.73,1928985
1508,756,2024-01-10,58.73,59.87,58.33,59.87,1800328
1509,757,2024-01-11,59.87,60.2,59.26,59.73,1491432
1510,758,2024-01-12,58.93,59.87,58.46,59.33,1911967
1511,759,2024-01-15,59.53,60.27,59.46,60.2,1916364
1512,760,2024-01-16,59.53,60.27,59.46,60.2,1368816
1513,761,2024-01-17,59.53,60.87,59.53,60.8,1581258
1514,762,2024-01-18,60.8,61.0,60.2,60.94,1424696
1515,763,2024-01-19,60.87,62.21,60.47,61.94,1477733
1516,764,2024-01-22,62.54,62.54,61.54,61.54,1048242
1517,765,2024-01-23,61.61,61.81,60.47,61.2,1259446
1518,766,2024-01-24,61.27,61.54,60.8,60.94,746187
1519,767,2024-01-25,60.94,61.27,60.67,60.87,505031
1520,768,2024-01-26,61.27,61.54,61.14,61.54,953670
1521,769,2024-01-29,61.4,61.54,60.8,61.0,732044
1522,770,2024-01-30,61.0,61.0,60.27,60.87,889895
1523,771,2024-01-31,60.6,60.6,59.2,59.2,947351
1524,772,2024-02-01,58.86,60.34,58.86,60.07,598963
1525,773,2024-02-02,59.6,60.54,59.6,60.4,734186
1526,774,2024-02-05,60.34,60.6,59.8,60.2,1950335
1527,775,2024-02-06,60.4,60.6,59.6,59.87,1353403
1528,776,2024-02-07,60.2,60.74,59.73,60.2,1372449
1529,777,2024-02-15,60.2,60.67,59.6,60.13,1047830
1530,778,2024-02-16,60.13,60.34,59.87,59.93,735346
1531,779,2024-02-19,60.13,60.54,59.73,60.34,1046679
1532,780,2024-02-20,60.27,61.14,59.8,61.07,1405753
1533,781,2024-02-21,61.34,61.34,60.54,61.0,1369259
1534,782,2024-02-22,60.6,60.87,59.87,59.87,1224789
1535,783,2024-02-23,59.87,61.14,59.46,59.46,1802815
1536,784,2024-02-26,59.46,60.2,59.46,59.87,722488
1537,785,2024-02-27,59.93,61.0,59.6,60.94,1608348
1538,786,2024-02-28,60.87,65.15,60.47,65.15,4227766
1539,787,2024-02-29,65.89,67.22,65.08,65.08,1902870
1540,788,2024-03-01,65.69,65.69,63.48,65.08,2383117
1541,789,2024-03-04,65.55,65.55,63.95,64.21,1643680
1542,790,2024-03-05,64.62,64.62,63.68,63.88,1366903
1543,791,2024-03-06,63.88,64.75,63.61,63.95,2072535
1544,792,2024-03-07,64.15,65.15,63.88,64.08,2364334
1545,793,2024-03-08,64.15,64.55,63.61,63.61,2231150
1546,794,2024-03-11,63.61,64.21,62.94,62.94,1842420
1547,795,2024-03-12,62.94,63.48,62.88,63.14,1108496
1548,796,2024-03-13,63.48,64.55,63.08,64.21,3126592
1549,797,2024-03-14,64.21,64.28,63.28,63.55,2322431
1550,798,2024-03-15,63.55,63.55,62.81,62.88,2304560
1551,799,2024-03-18,63.08,63.21,61.87,62.21,1843874
1552,800,2024-03-19,61.87,62.54,61.87,61.87,870431
1553,801,2024-03-20,61.87,62.94,61.87,62.34,899448
1554,802,2024-03-21,62.88,63.88,62.88,63.68,1454765
1555,803,2024-03-22,63.68,64.75,63.68,64.48,1846861
1556,804,2024-03-25,63.55,64.82,62.94,64.01,1370504
1557,805,2024-03-26,64.21,64.62,64.08,64.42,736873
1558,806,2024-03-27,64.35,64.35,63.95,64.08,1047647
1559,807,2024-03-28,64.35,64.48,63.95,64.01,1233566
1560,808,2024-03-29,64.15,64.15,63.48,63.48,801942
1561,809,2024-04-01,63.48,64.21,63.34,63.68,1222710
1562,810,2024-04-02,63.61,63.68,62.81,63.21,970357
1563,811,2024-04-03,63.14,63.41,62.74,62.74,1323149
1564,812,2024-04-04,63.48,64.21,63.14,64.21,2024326
1565,813,2024-04-05,63.41,63.95,63.01,63.48,780020
1566,814,2024-04-08,63.48,63.75,63.01,63.48,865357
1567,815,2024-04-09,63.55,63.81,63.01,63.08,688518
1568,816,2024-04-10,63.08,63.28,62.94,63.21,738740
1569,817,2024-04-11,62.88,63.28,62.54,62.88,778946
1570,818,2024-04-12,63.21,63.88,62.74,63.28,846008
1571,819,2024-04-15,63.28,64.55,61.54,61.54,1902194
1572,820,2024-04-16,62.74,62.74,60.54,60.87,1860102
1573,821,2024-04-17,61.0,61.61,59.87,60.54,1454446
1574,822,2024-04-19,60.2,60.8,60.0,60.54,1326423
1575,823,2024-04-22,60.54,61.14,60.34,60.6,999830
1576,824,2024-04-23,60.6,61.0,59.67,60.27,1565162
1577,825,2024-04-24,60.87,60.94,60.27,60.6,1926287
1578,826,2024-04-25,60.6,62.14,60.54,60.87,1236861
1579,827,2024-04-26,61.34,62.41,61.0,61.0,1699786
1580,828,2024-05-02,61.61,61.87,60.94,61.47,933709
1581,829,2024-05-03,61.81,62.48,61.4,61.87,1472206
1582,830,2024-05-06,62.14,62.41,62.01,62.21,1148815
1583,831,2024-05-07,62.48,62.94,62.14,62.14,1155689
1584,832,2024-05-08,62.01,62.34,61.61,62.21,1247171
1585,833,2024-05-09,62.14,62.48,61.74,61.87,607990
1586,834,2024-05-10,62.01,62.01,61.34,61.54,824888
1587,835,2024-05-13,61.61,61.81,60.54,60.87,1234518
1588,836,2024-05-14,60.94,61.27,60.54,60.6,819950
1589,837,2024-05-15,60.87,61.07,60.74,60.87,884744
1590,838,2024-05-16,61.54,62.01,61.2,61.94,1715536
1591,839,2024-05-17,61.94,61.94,61.34,61.4,1086438
1592,840,2024-05-20,61.74,62.21,61.4,61.47,1045431
1593,841,2024-05-21,61.47,61.54,60.67,60.94,1488654
1594,842,2024-05-22,61.2,61.34,60.67,60.67,1349994
1595,843,2024-05-23,60.67,61.2,60.54,60.87,1318403
1596,844,2024-05-24,60.87,60.87,60.2,60.34,2243441
1597,845,2024-05-27,60.47,60.6,60.0,60.34,1060054
1598,846,2024-05-28,60.07,60.67,60.07,60.67,1351470
1599,847,2024-05-29,60.74,60.87,60.07,60.07,1188182
1600,848,2024-05-30,59.87,60.0,59.2,59.26,2358180
1601,849,2024-05-31,59.33,59.53,58.33,58.33,3927010
1602,850,2024-06-03,58.86,59.73,58.86,59.0,2111127
1603,851,2024-06-04,59.46,59.67,59.06,59.33,1818442
1604,852,2024-06-05,59.33,59.87,59.26,59.4,1886226
1605,853,2024-06-06,59.46,60.0,59.4,59.53,1702865
1606,854,2024-06-07,59.6,60.0,59.2,59.2,1131101
1607,855,2024-06-10,59.46,59.67,58.8,58.86,2643949
1608,856,2024-06-11,59.06,59.13,58.26,58.33,2256534
1609,857,2024-06-12,58.46,59.67,58.19,59.33,2251490
1610,858,2024-06-13,59.46,59.6,59.13,59.13,1603414
1611,859,2024-06-14,59.2,59.6,58.53,58.53,2484887
1612,860,2024-06-17,58.6,58.73,58.26,58.26,2295281
1613,861,2024-06-18,58.53,59.2,58.26,58.26,1372946
1614,862,2024-06-19,58.4,58.53,57.86,57.93,2176749
1615,863,2024-06-20,57.93,57.93,57.26,57.52,2654038
1616,864,2024-06-21,57.59,57.99,57.19,57.52,1809985
1617,865,2024-06-24,57.52,58.46,57.19,57.19,2153682
1618,866,2024-06-25,57.32,57.99,57.19,57.19,1567779
1619,867,2024-06-26,57.46,57.73,56.99,56.99,1709970
1620,868,2024-06-27,56.99,57.52,56.99,56.99,1425080
1621,869,2024-06-28,57.52,57.52,56.86,56.99,1114085
1622,870,2024-07-01,57.39,57.66,56.99,57.59,1180816
1623,871,2024-07-02,57.99,59.4,57.66,59.0,2428337
1624,872,2024-07-03,58.86,59.33,58.73,59.2,2252635
1625,873,2024-07-04,59.26,60.0,58.86,58.86,3062719
1626,874,2024-07-05,58.93,59.67,58.86,58.86,1849175
1627,875,2024-07-08,58.86,59.33,58.33,58.33,1145562
1628,876,2024-07-09,58.53,59.13,57.99,58.93,1551172
1629,877,2024-07-10,59.06,59.67,58.86,59.26,1725458
1630,878,2024-07-11,59.26,59.46,58.93,58.93,1446841
1631,879,2024-07-12,59.0,59.26,58.6,58.6,1374637
1632,880,2024-07-15,58.6,59.06,58.53,58.53,1174084
1633,881,2024-07-16,58.6,59.26,58.6,58.8,1535446
1634,882,2024-07-17,59.4,60.2,58.53,58.86,3365241
1635,883,2024-07-18,59.06,59.4,58.8,58.86,1653687
1636,884,2024-07-19,58.86,59.4,58.53,58.53,1325123
1637,885,2024-07-22,58.53,59.06,58.4,58.66,1463116
1638,886,2024-07-23,58.73,59.06,58.53,58.53,1412799
1639,887,2024-07-24,58.46,58.93,58.46,58.53,1477891
1640,888,2024-07-25,58.6,58.66,58.33,58.4,882334
1641,889,2024-07-26,58.4,58.66,58.33,58.4,904427
1642,890,2024-07-29,58.6,58.73,58.4,58.4,454233
1643,891,2024-07-30,58.4,59.06,58.4,58.53,978889
1644,892,2024-07-31,58.53,59.67,58.53,59.67,1865641
1645,893,2024-08-01,59.73,61.14,59.67,60.67,4807705
1646,894,2024-08-02,60.47,60.47,59.33,59.33,1512887
1647,895,2024-08-05,59.2,59.2,58.13,58.13,3063084
1648,896,2024-08-06,58.13,58.66,57.99,58.4,1654296
1649,897,2024-08-07,58.46,58.66,58.19,58.66,714053
1650,898,2024-08-08,58.66,58.66,58.33,58.4,962297
1651,899,2024-08-09,58.46,59.06,58.46,58.66,1137871
1652,900,2024-08-12,59.13,59.13,58.4,58.73,1061597
1653,901,2024-08-13,58.6,59.87,58.6,59.87,1593947
1654,902,2024-08-14,59.73,59.8,58.73,58.86,1494847
1655,903,2024-08-15,58.86,59.4,58.6,58.6,922035
1656,904,2024-08-16,58.86,59.46,58.86,58.93,1371799
1657,905,2024-08-19,59.4,59.73,59.06,59.4,1656591
1658,906,2024-08-20,59.46,60.74,59.46,60.74,3387268
1659,907,2024-08-21,60.74,62.21,60.47,62.07,2751625
1660,908,2024-08-22,62.14,62.34,61.61,61.81,1416616
1661,909,2024-08-23,61.87,62.07,60.54,61.81,1078085
1662,910,2024-08-26,61.61,61.94,61.27,61.54,1569224
1663,911,2024-08-27,61.54,61.61,60.8,61.2,902760
1664,912,2024-08-28,61.34,61.47,60.94,60.94,1032939
1665,913,2024-08-29,60.87,61.81,60.87,61.2,1497431
1666,914,2024-08-30,61.2,61.74,61.2,61.34,1671053
1667,915,2024-09-04,60.94,60.94,60.4,60.87,1014236
1668,916,2024-09-05,60.6,60.94,60.27,60.27,1185511
1669,917,2024-09-06,60.34,60.74,60.07,60.34,785854
1670,918,2024-09-09,60.27,60.34,59.67,60.34,703748
1671,919,2024-09-10,60.27,60.34,59.53,59.53,1193581
1672,920,2024-09-11,59.26,59.53,58.86,59.13,1029054
1673,921,2024-09-12,59.2,60.27,59.13,59.87,1610394
1674,922,2024-09-13,60.07,60.34,59.6,60.13,1625774
1675,923,2024-09-16,59.93,60.2,59.4,59.46,728926
1676,924,2024-09-17,59.53,60.54,59.26,60.54,971859
1677,925,2024-09-18,60.6,61.47,60.0,60.87,1722387
1678,926,2024-09-19,60.87,61.34,60.8,61.2,1346904
1679,927,2024-09-20,61.4,61.54,60.6,60.6,2181722
1680,928,2024-09-23,61.07,61.27,60.8,60.8,697895
1681,929,2024-09-24,60.8,61.2,60.8,61.0,523790
1682,930,2024-09-25,61.2,62.21,61.0,62.07,2604508
1683,931,2024-09-26,62.14,62.74,61.87,61.87,1820054
1684,932,2024-09-27,61.87,62.61,61.87,61.87,1073168
1685,933,2024-09-30,61.87,61.87,61.54,61.54,1278350
1686,934,2024-10-01,61.74,62.48,61.54,61.54,1725848
1687,935,2024-10-02,61.74,62.01,61.4,62.01,1380621
1688,936,2024-10-03,61.94,62.81,61.81,61.94,1700784
1689,937,2024-10-04,61.87,62.07,61.74,61.74,860495
1690,938,2024-10-07,61.74,61.87,61.4,61.54,611894
1691,939,2024-10-08,61.54,61.54,60.87,61.2,1124515
1692,940,2024-10-09,61.07,61.4,60.8,60.87,2176865
1693,941,2024-10-10,61.74,62.21,61.0,61.47,1326569
1694,942,2024-10-11,61.47,61.47,61.0,61.2,1084336
1695,943,2024-10-14,61.67,61.67,61.07,61.14,931995
1696,944,2024-10-15,61.07,61.61,61.07,61.14,1431969
1697,945,2024-10-16,61.14,61.4,61.07,61.2,1293521
1698,946,2024-10-17,61.54,61.74,61.34,61.67,1286287
1699,947,2024-10-18,62.01,62.28,61.54,61.81,1164056
1700,948,2024-10-21,61.87,62.41,61.54,61.54,1425147
1701,949,2024-10-22,61.54,61.67,61.14,61.14,1260601
1702,950,2024-10-23,61.0,61.4,61.0,61.2,750353
1703,951,2024-10-24,61.67,61.74,61.14,61.34,756579
1704,952,2024-10-25,61.61,61.74,61.34,61.4,997728
1705,953,2024-10-28,61.2,61.74,61.2,61.54,1106555
1706,954,2024-10-29,61.61,61.94,61.54,61.54,1298643
1707,955,2024-10-30,61.54,61.81,61.27,61.34,627682
1708,956,2024-10-31,61.2,63.55,61.2,62.61,2892451
1709,957,2024-11-01,62.88,63.48,62.54,62.54,1732251
1710,958,2024-11-04,62.88,63.75,61.81,61.87,1856395
1711,959,2024-11-05,61.94,62.21,61.54,61.94,1084183
1712,960,2024-11-06,62.07,62.48,62.07,62.14,1417991
1713,961,2024-11-07,62.34,62.81,62.34,62.34,1420301
1714,962,2024-11-08,62.54,62.81,61.67,61.67,1381249
1715,963,2024-11-11,62.07,62.07,61.47,61.54,1874368
1716,964,2024-11-12,61.54,62.34,61.47,61.47,1337197
1717,965,2024-11-13,61.47,62.14,61.47,61.87,1332711
1718,966,2024-11-14,61.54,61.87,61.47,61.54,1720202
1719,967,2024-11-15,61.54,61.87,61.27,61.34,1509691
1720,968,2024-11-18,61.34,61.74,60.8,60.87,1876350
1721,969,2024-11-19,61.2,61.27,60.2,60.2,1577896
1722,970,2024-11-20,60.2,61.0,60.13,60.4,1641687
1723,971,2024-11-21,60.47,61.07,60.34,60.54,1461608
1724,972,2024-11-22,60.87,61.07,60.6,60.6,1730814
1725,973,2024-11-25,60.8,61.67,60.8,61.07,1814963
1726,974,2024-11-26,61.14,62.14,61.14,61.81,1760827
1727,975,2024-11-27,61.74,62.34,61.74,62.01,1048309
1728,976,2024-11-28,62.28,62.54,61.87,61.94,1290948
1729,977,2024-11-29,61.94,62.41,61.87,62.41,1011316
1730,978,2024-12-02,63.48,63.61,62.81,63.01,1575332
1731,979,2024-12-03,63.14,63.14,61.94,62.21,2447450
1732,980,2024-12-04,62.07,62.81,61.87,62.54,1205482
1733,981,2024-12-05,62.21,63.28,62.21,62.88,2334456
1734,982,2024-12-06,62.88,63.75,62.81,63.01,1702183
1735,983,2024-12-09,63.01,63.75,62.81,63.75,1958838
1736,984,2024-12-10,63.75,63.75,63.21,63.21,914482
1737,985,2024-12-11,63.21,63.41,62.34,62.41,1611488
1738,986,2024-12-12,62.54,63.14,62.54,62.54,672349
1739,987,2024-12-13,62.34,62.61,62.14,62.28,1228466
1740,988,2024-12-16,62.21,62.34,62.14,62.28,1122982
1741,989,2024-12-17,62.21,62.28,62.07,62.21,1049241
1742,990,2024-12-18,62.21,62.41,62.21,62.28,531269
1743,991,2024-12-19,62.07,62.07,61.67,61.81,1870599
1744,992,2024-12-20,61.81,62.14,61.74,61.87,1246769
1745,993,2024-12-23,61.94,62.07,61.81,61.81,707967
1746,994,2024-12-24,62.01,62.07,61.54,61.61,1025356
1747,995,2024-12-25,61.67,62.74,61.67,61.81,1829185
1748,996,2024-12-26,61.87,62.07,61.54,61.61,2203884
1749,997,2024-12-27,61.87,62.21,61.67,61.67,1640901
1750,998,2024-12-30,61.67,61.87,61.54,61.54,1707785
1751,999,2024-12-31,61.67,61.81,61.0,61.0,2375289
